scientific_name,title,author,license,original_url,card_url
Acer rubrum,"Acer rubrum, Red Maple",David Illig,CC BY-NC-SA 2.0,https://www.flickr.com/photos/14552479@N00/52445977206,https://live.staticflickr.com/65535/52445977206_db2f26c99e_z.jpg
Acer saccharum,acer saccharum,Antonio Sarabia,CC BY-NC 4.0,https://www.inaturalist.org/observations/139643838,https://inaturalist-open-data.s3.amazonaws.com/photos/238968822/medium.jpeg
Achillea millefolium,Achillea millefolium,anro0002,CC BY-SA 2.0,https://www.flickr.com/photos/74738817@N07/32147093328,https://live.staticflickr.com/4914/32147093328_6f898948c7_z.jpg
Achlys triphylla,achlys triphylla,Christopher J. Earle,CC BY-NC 4.0,https://www.inaturalist.org/observations/97965781,https://inaturalist-open-data.s3.amazonaws.com/photos/163013317/medium.jpg
Actaea pachypoda,Actaea pachypoda - Ranunculaceae,Kerry D Woods,CC BY-NC-ND 2.0,https://www.flickr.com/photos/93854456@N03/48644626978,https://live.staticflickr.com/65535/48644626978_1e94eea21f_z.jpg
Actaea racemosa,"160706 036 Wave Hill - Actaea racemosa Black Cohosh, foliage of Liquidambar styraciflua Sweet Gum Tree",cultivar413,CC BY 2.0,https://www.flickr.com/photos/131880272@N06/28204469216,https://live.staticflickr.com/8630/28204469216_e9680ed0a4_z.jpg
Adiantum capillus-veneris,adiantum capillus-veneris,Luke Armstrong,CC BY-NC 4.0,https://www.inaturalist.org/observations/22061827,https://inaturalist-open-data.s3.amazonaws.com/photos/34165053/medium.jpeg
Aesculus flava,aesculus flava,Cathy Bester,CC BY-NC 4.0,https://www.inaturalist.org/observations/315286577,https://inaturalist-open-data.s3.amazonaws.com/photos/570294360/medium.jpg
Aesculus glabra,aesculus glabra,sovergaard,CC BY-NC 4.0,https://www.inaturalist.org/observations/15062136,https://inaturalist-open-data.s3.amazonaws.com/photos/22489081/medium.jpg
Agastache cana,agastache cana,nikkiro,CC BY-NC 4.0,https://www.inaturalist.org/observations/136190354,https://inaturalist-open-data.s3.amazonaws.com/photos/232395938/medium.jpg
Agastache urticifolia,Agastache urticifolia - nettleleaf giant hyssop,Matt Lavin,CC BY-SA 2.0,https://www.flickr.com/photos/35478170@N08/52439843123,https://live.staticflickr.com/65535/52439843123_04567ac0cf_z.jpg
Agave shawii,agave shawii,dvalov,CC BY-NC 4.0,https://www.inaturalist.org/observations/198631105,https://inaturalist-open-data.s3.amazonaws.com/photos/350137345/medium.jpeg
Allium cernuum,allium cernuum,Brian Keener,CC BY-NC 4.0,https://www.inaturalist.org/observations/32247956,https://inaturalist-open-data.s3.amazonaws.com/photos/50562101/medium.jpg
Alnus incana,Alnus incana,anro0002,CC BY-SA 2.0,https://www.flickr.com/photos/74738817@N07/32099234226,https://live.staticflickr.com/713/32099234226_86402e29bc_z.jpg
Amelanchier alnifolia,amelanchier alnifolia,Dayan J Anderson,CC BY-NC 4.0,https://www.inaturalist.org/observations/12472278,https://inaturalist-open-data.s3.amazonaws.com/photos/17997627/medium.jpeg
Amelanchier arborea,amelanchier arborea,Benjamin McCullough,CC BY-NC 4.0,https://www.inaturalist.org/observations/52830933,https://inaturalist-open-data.s3.amazonaws.com/photos/84027738/medium.jpg
Amelanchier canadensis,amelanchier canadensis,Harry Podschwit,CC BY 4.0,https://www.inaturalist.org/observations/10911539,https://inaturalist-open-data.s3.amazonaws.com/photos/15340610/medium.jpg
Amelanchier laevis,Allegheny Serviceberry,dankeck,CC0,https://www.flickr.com/photos/140641142@N05/41909155292,https://live.staticflickr.com/963/41909155292_29d61651fc_z.jpg
Amelanchier utahensis,amelanchier utahensis,Dayan J Anderson,CC BY-NC 4.0,https://www.inaturalist.org/observations/12472278,https://inaturalist-open-data.s3.amazonaws.com/photos/17997627/medium.jpeg
Amorpha fruticosa,Amorpha fruticosa - false indigobush,Matt Lavin,CC BY-SA 2.0,https://www.flickr.com/photos/35478170@N08/52180158370,https://live.staticflickr.com/65535/52180158370_0260a7a055_z.jpg
Amsonia tabernaemontana,Amsonia tabernaemontana (Blue Star) 2020 photo,F. D. Richards,CC BY-SA 2.0,https://www.flickr.com/photos/50697352@N00/49948678373,https://live.staticflickr.com/65535/49948678373_f4ffca2c3d_z.jpg
Andropogon gerardii,Andropogon gerardii,Matt Lavin,CC BY-SA 2.0,https://www.flickr.com/photos/35478170@N08/20480230574,https://live.staticflickr.com/685/20480230574_28784fe2a1_z.jpg
Andropogon virginicus,andropogon virginicus,Matt Tomlinson,CC BY-NC 4.0,https://www.inaturalist.org/observations/139924338,https://inaturalist-open-data.s3.amazonaws.com/photos/239424434/medium.jpg
Anemone multifida,anemone multifida,Игорь Поспелов,CC BY-NC 4.0,https://www.inaturalist.org/observations/37460851,https://inaturalist-open-data.s3.amazonaws.com/photos/59390602/medium.jpeg
Angelica lucida,angelica lucida,Eva Ullström,CC BY-NC 4.0,https://www.inaturalist.org/observations/46157790,https://inaturalist-open-data.s3.amazonaws.com/photos/73201006/medium.jpeg
Antennaria neglecta,antennaria neglecta,"Charles Thomas Hash, Jr.",CC BY-NC-ND 4.0,https://www.inaturalist.org/observations/29041148,https://inaturalist-open-data.s3.amazonaws.com/photos/45306572/medium.jpeg
Antennaria parvifolia,Antennaria parvifolia - small-leaf pussytoes,Matt Lavin,CC BY-SA 2.0,https://www.flickr.com/photos/35478170@N08/52984450592,https://live.staticflickr.com/65535/52984450592_0a32c5889c_z.jpg
Aquilegia canadensis,"Aquilegia canadensis (wild columbine, red columbine)",jmlwinder,CC BY-NC-ND 2.0,https://www.flickr.com/photos/83833206@N00/26482589582,https://live.staticflickr.com/1629/26482589582_630ee7911c_z.jpg
Arctostaphylos glauca,arctostaphylos glauca,Diego Tamayo,CC BY-NC 4.0,https://www.inaturalist.org/observations/36139450,https://inaturalist-open-data.s3.amazonaws.com/photos/57090696/medium.jpeg
Arctostaphylos manzanita,arctostaphylos manzanita,Jeff Bisbee,CC BY-NC 4.0,https://www.inaturalist.org/observations/69007147,https://inaturalist-open-data.s3.amazonaws.com/photos/111877467/medium.jpg
Arisaema triphyllum,Jack In The Pulpit,matthewbeziat,CC BY-NC 2.0,https://www.flickr.com/photos/109690096@N08/40114003520,https://live.staticflickr.com/944/40114003520_970806cfa4_z.jpg
Aronia melanocarpa,Aronia melanocarpa 'Chokeberry} 5/2021 Chokeberry-,F. D. Richards,CC BY-SA 2.0,https://www.flickr.com/photos/50697352@N00/51159090469,https://live.staticflickr.com/65535/51159090469_d93bb4b83b_z.jpg
Aruncus dioicus,Aruncus dioicus - Rosaceae,Kerry D Woods,CC BY-NC-ND 2.0,https://www.flickr.com/photos/93854456@N03/51275271363,https://live.staticflickr.com/65535/51275271363_46578b88ab_z.jpg
Asarum canadense,Asarum canadense 01,Scott Zona,CC BY-NC 2.0,https://www.flickr.com/photos/12017190@N06/33826869718,https://live.staticflickr.com/65535/33826869718_e73a7a1382_z.jpg
Asclepias amplexicaulis,asclepias amplexicaulis,Connor Johanson,CC BY-NC 4.0,https://www.inaturalist.org/observations/83670318,https://inaturalist-open-data.s3.amazonaws.com/photos/137439080/medium.jpeg
Asclepias asperula,asclepias asperula,odinbriem0,CC BY-NC 4.0,https://www.inaturalist.org/observations/80316272,https://inaturalist-open-data.s3.amazonaws.com/photos/131630162/medium.jpg
Asclepias fascicularis,asclepias fascicularis,terrydad2,CC BY-NC 4.0,https://www.inaturalist.org/observations/30631479,https://inaturalist-open-data.s3.amazonaws.com/photos/47864975/medium.jpg
Asclepias incarnata,Swamp Milkweed (Asclepias incarnata),Mary Keim,CC BY-NC-SA 2.0,https://www.flickr.com/photos/38514062@N03/43045409845,https://live.staticflickr.com/1831/43045409845_a87e2f36c0_z.jpg
Asclepias lanceolata,asclepias lanceolata,Mark Fishbein,CC BY-NC 4.0,https://www.inaturalist.org/observations/13117820,https://inaturalist-open-data.s3.amazonaws.com/photos/19121513/medium.jpg
Asclepias oenotheroides,asclepias oenotheroides,Gabriel Ortiz,CC BY-NC 4.0,https://www.inaturalist.org/observations/82639159,https://inaturalist-open-data.s3.amazonaws.com/photos/135654335/medium.jpeg
Asclepias purpurascens,asclepias purpurascens,Nick Dorian,CC BY-NC 4.0,https://www.inaturalist.org/observations/14381420,https://inaturalist-open-data.s3.amazonaws.com/photos/21383970/medium.jpg
Asclepias speciosa,Showy Milkweed,Melinda Young Stuart,CC BY-NC-ND 2.0,https://www.flickr.com/photos/92033577@N00/29008059518,https://live.staticflickr.com/1821/29008059518_7f725dd72e_z.jpg
Asclepias sullivantii,asclepias sullivantii,Jason K.,CC BY-NC 4.0,https://www.inaturalist.org/observations/12917708,https://inaturalist-open-data.s3.amazonaws.com/photos/18764882/medium.jpg
Asclepias syriaca,Common Milkweed  (Asclepias Syriaca),Melinda Young Stuart,CC BY-NC-ND 2.0,https://www.flickr.com/photos/92033577@N00/27095333894,https://live.staticflickr.com/7313/27095333894_50f5161ba8_z.jpg
Asclepias texana,asclepias texana,Aidan Campos,CC BY-NC 4.0,https://www.inaturalist.org/observations/309574099,https://inaturalist-open-data.s3.amazonaws.com/photos/558642650/medium.jpg
Asclepias tuberosa,"Asclepias tuberosa, The Other Milkweed (“Butterfly Milkweed”)",David Illig,CC BY-NC-SA 2.0,https://www.flickr.com/photos/14552479@N00/48121304221,https://live.staticflickr.com/65535/48121304221_1b023e6803_z.jpg
Asclepias verticillata,"Asclepias verticillata (whorled milkweed), Barrington, RI",Doug_McGrady,CC BY 2.0,https://www.flickr.com/photos/150919437@N06/43097969004,https://live.staticflickr.com/1819/43097969004_0f990ff36d_z.jpg
Asimina triloba,asimina triloba,kenny407,CC BY-NC 4.0,https://www.inaturalist.org/observations/59874231,https://inaturalist-open-data.s3.amazonaws.com/photos/149852429/medium.jpeg
Asplenium rhizophyllum,asplenium rhizophyllum,Tom Norton,CC BY 4.0,https://www.inaturalist.org/observations/81678734,https://inaturalist-open-data.s3.amazonaws.com/photos/133985924/medium.jpeg
Aster divaricatus,aster divaricatus,M. Martin Vicente,CC BY 2.0,https://www.flickr.com/photos/32179778@N00/22371935678,https://live.staticflickr.com/676/22371935678_d4ca245ea7_z.jpg
Aster laevis,Stoke's Aster - Stokesia laevis 'Peachie's Pick' 110730,cultivar413,CC BY 2.0,https://www.flickr.com/photos/131880272@N06/21989501270,https://live.staticflickr.com/621/21989501270_9e46d4ed63_z.jpg
Aster novae,Aster novae-angliae 'Harrington's Pink',wallygrom,CC BY-SA 2.0,https://www.flickr.com/photos/33037982@N04/21374724684,https://live.staticflickr.com/712/21374724684_6514a8b8b6_z.jpg
Aster novae-angliae,aster novae-angliae,er-birds,CC BY 4.0,https://www.inaturalist.org/observations/188152678,https://inaturalist-open-data.s3.amazonaws.com/photos/329221589/medium.jpg
Aster oblongifolius,aster oblongifolius,Daniel Pohl,CC BY-NC 4.0,https://www.inaturalist.org/observations/196219717,https://inaturalist-open-data.s3.amazonaws.com/photos/345400446/medium.jpg
Athyrium filix,Athyrium x 'Ghost' is a hybrid of Athyrium filix-femina and Athyrium niponicum var pictum 140616,cultivar413,CC BY 2.0,https://www.flickr.com/photos/131880272@N06/21917390548,https://live.staticflickr.com/5830/21917390548_7a697ea7a5_z.jpg
Atriplex canescens,atriplex canescens,W. Terry Hunefeld,CC BY 4.0,https://www.inaturalist.org/observations/8623596,https://inaturalist-open-data.s3.amazonaws.com/photos/11538943/medium.jpg
Avicennia germinans,avicennia germinans,Chuck Sexton,CC BY-NC 4.0,https://www.inaturalist.org/observations/22512874,https://inaturalist-open-data.s3.amazonaws.com/photos/34878463/medium.jpg
Baptisia alba,Baptisia alba (wild white indigo),tgpotterfield,CC BY-NC-SA 2.0,https://www.flickr.com/photos/55770627@N04/27830075750,https://live.staticflickr.com/7349/27830075750_0112b93843_z.jpg
Baptisia tinctoria,Baptisia tinctoria with Pycnanthemum tenuifolium,dogtooth77,CC BY-NC-SA 2.0,https://www.flickr.com/photos/53817483@N00/19293010910,https://live.staticflickr.com/325/19293010910_e0da20af92_z.jpg
Berberis repens,Berberis repens - creeping barberry,Matt Lavin,CC BY-SA 2.0,https://www.flickr.com/photos/35478170@N08/52350632254,https://live.staticflickr.com/65535/52350632254_34211e6cdb_z.jpg
Betula alleghaniensis,betula alleghaniensis,Tom Norton,CC BY 4.0,https://www.inaturalist.org/observations/133318161,https://inaturalist-open-data.s3.amazonaws.com/photos/227070709/medium.jpeg
Betula lenta,betula lenta,Misha Zitser,CC BY-NC 4.0,https://www.inaturalist.org/observations/190218776,https://inaturalist-open-data.s3.amazonaws.com/photos/333393698/medium.jpg
Betula nigra,"Betula Nigra Abedul, 2015",F. D. Richards,CC BY-SA 2.0,https://www.flickr.com/photos/50697352@N00/20457912132,https://live.staticflickr.com/296/20457912132_a12063cce3_z.jpg
Bouteloua curtipendula,Bouteloua curtipendula,Matt Lavin,CC BY-SA 2.0,https://www.flickr.com/photos/35478170@N08/20915481469,https://live.staticflickr.com/600/20915481469_def87779cb_z.jpg
Bouteloua gracilis,bouteloua gracilis,,CC BY-NC 4.0,https://www.inaturalist.org/observations/27482260,https://inaturalist-open-data.s3.amazonaws.com/photos/42765201/medium.jpg
Bursera simaruba,bursera simaruba,Carmen Casas,CC BY-NC 4.0,https://www.inaturalist.org/observations/34450371,https://inaturalist-open-data.s3.amazonaws.com/photos/54222334/medium.jpeg
Callicarpa americana,callicarpa americana,pb1789,CC BY-NC 4.0,https://www.inaturalist.org/observations/91883460,https://inaturalist-open-data.s3.amazonaws.com/photos/156928881/medium.jpg
Caltha biflora,caltha biflora,ocotillo,CC BY-NC 4.0,https://www.inaturalist.org/observations/151416114,https://inaturalist-open-data.s3.amazonaws.com/photos/261253787/medium.jpeg
Caltha palustris,"Marsh Marigold - Caltha palustris, Julie Metz Wetlands, Woodbridge, Virginia",Judy Gallagher,CC BY 2.0,https://www.flickr.com/photos/52450054@N04/40664241444,https://live.staticflickr.com/892/40664241444_ccd14101c4_z.jpg
Calylophus berlandieri,calylophus berlandieri,Nathan Taylor,CC BY-NC 4.0,https://www.inaturalist.org/observations/4022375,https://inaturalist-open-data.s3.amazonaws.com/photos/4752881/medium.jpeg
Campanula americana,Campanula americana,Adam Balzer,CC BY-NC-ND 2.0,https://www.flickr.com/photos/99579779@N05/19759471876,https://live.staticflickr.com/561/19759471876_9ac33c8f0f_z.jpg
Carex amphibola,"Carex amphibola (eastern narrow-leaved sedge), Cumberland, RI",Doug_McGrady,CC BY 2.0,https://www.flickr.com/photos/150919437@N06/34812792762,https://live.staticflickr.com/4196/34812792762_02b3766491_z.jpg
Carex annectens,carex annectens,François Rousseu,CC BY-NC 4.0,https://www.inaturalist.org/observations/229812520,https://inaturalist-open-data.s3.amazonaws.com/photos/407977629/medium.jpeg
Carex appalachica,Carex appalachica,BlueRidgeKitties,CC BY-NC-SA 2.0,https://www.flickr.com/photos/41380738@N05/38893729824,https://live.staticflickr.com/4603/38893729824_3025439357_z.jpg
Carex bicknellii,carex bicknellii,kwillard,CC BY-NC 4.0,https://www.inaturalist.org/observations/23003180,https://inaturalist-open-data.s3.amazonaws.com/photos/35660935/medium.jpeg
Carex brevior,carex brevior,sfreeman7,CC BY-NC 4.0,https://www.inaturalist.org/observations/167634492,https://inaturalist-open-data.s3.amazonaws.com/photos/290416051/medium.jpeg
Carex comosa,carex comosa,Barbara L. Wilson,CC BY-NC 4.0,https://www.inaturalist.org/observations/59738010,https://inaturalist-open-data.s3.amazonaws.com/photos/95469753/medium.jpeg
Carex crinita,Carex crinita,dogtooth77,CC BY-NC-SA 2.0,https://www.flickr.com/photos/53817483@N00/19222620145,https://live.staticflickr.com/280/19222620145_f7fabc778b_z.jpg
Carex grayi,Gray's Sedge,pk2morgan,CC0,https://www.flickr.com/photos/196257575@N03/52994386124,https://live.staticflickr.com/65535/52994386124_bba962b751_z.jpg
Carex hystericina,Carex hystericina (bottlebrush sedge),Marc Coles-Ritchie,CC BY-NC-SA 2.0,https://www.flickr.com/photos/97636754@N04/52081462430,https://live.staticflickr.com/65535/52081462430_bb28a2b7e0_z.jpg
Carex lurida,carex lurida,abelkinser,CC BY-NC 4.0,https://www.inaturalist.org/observations/186760817,https://inaturalist-open-data.s3.amazonaws.com/photos/326448137/medium.jpeg
Carex muskingumensis,carex muskingumensis,Shaun Pogacnik,CC BY-NC 4.0,https://www.inaturalist.org/observations/178327372,https://inaturalist-open-data.s3.amazonaws.com/photos/310289090/medium.jpeg
Carex pellita,carex pellita,Matt Tomlinson,CC BY-NC 4.0,https://www.inaturalist.org/observations/280686345,https://inaturalist-open-data.s3.amazonaws.com/photos/504147475/medium.jpg
Carex pensylvanica,Pennsylvania Sedge (Carex pensylvanica),ZoeThePlantographer,CC BY 2.0,https://www.flickr.com/photos/150923916@N03/42066096385,https://live.staticflickr.com/1765/42066096385_f6747e80c0_z.jpg
Carex plantaginea,2015.04.01_17.26.04_DSCN2216,AndreyZharkikh,CC BY 2.0,https://www.flickr.com/photos/33497841@N02/21243103548,https://live.staticflickr.com/718/21243103548_8a06803383_z.jpg
Carex stipata,Carex stipata,Matt Lavin,CC BY-SA 2.0,https://www.flickr.com/photos/35478170@N08/28098831522,https://live.staticflickr.com/8819/28098831522_4ba898ca2e_z.jpg
Carex stricta,Carex stricta staminate and pistillate spikelets,dogtooth77,CC BY-NC-SA 2.0,https://www.flickr.com/photos/53817483@N00/26648224985,https://live.staticflickr.com/1548/26648224985_87a455a3f0_z.jpg
Carex utriculata,carex utriculata,François Rousseu,CC BY-NC 4.0,https://www.inaturalist.org/observations/62597114,https://inaturalist-open-data.s3.amazonaws.com/photos/100319669/medium.jpeg
Carex vulpinoidea,carex vulpinoidea,Wayne Longbottom,CC BY-NC 4.0,https://www.inaturalist.org/observations/84868492,https://inaturalist-open-data.s3.amazonaws.com/photos/139542399/medium.jpeg
Carnegiea gigantea,Saguaro Cactus - Carnegiea gigantea,docentjoyce,CC BY 2.0,https://www.flickr.com/photos/99003655@N00/32707607733,https://live.staticflickr.com/2890/32707607733_c48886b1e9_z.jpg
Carya cordiformis,carya cordiformis,Pat Deacon,CC BY-NC 4.0,https://www.inaturalist.org/observations/187392259,https://inaturalist-open-data.s3.amazonaws.com/photos/327699677/medium.jpg
Carya illinoinensis,carya illinoinensis,Matt Tomlinson,CC BY-NC 4.0,https://www.inaturalist.org/observations/52544094,https://inaturalist-open-data.s3.amazonaws.com/photos/83534998/medium.jpeg
Carya laciniosa,carya laciniosa,drebonbon,CC BY-NC 4.0,https://www.inaturalist.org/observations/188684266,https://inaturalist-open-data.s3.amazonaws.com/photos/330316144/medium.jpg
Carya tomentosa,Carya tomentosa (4),siddarth.machado,CC BY-NC-ND 2.0,https://www.flickr.com/photos/127280380@N06/52483834481,https://live.staticflickr.com/65535/52483834481_6d8c2e410c_z.jpg
Castanea dentata,castanea dentata,Aster Ayer,CC BY-NC 4.0,https://www.inaturalist.org/observations/88490349,https://inaturalist-open-data.s3.amazonaws.com/photos/146009797/medium.jpg
Catalpa speciosa,catalpa speciosa,sstivee,CC BY-NC 4.0,https://www.inaturalist.org/observations/120551149,https://inaturalist-open-data.s3.amazonaws.com/photos/204120452/medium.jpg
Ceanothus americanus,ceanothus americanus,Douglas Goldman,CC BY-SA 4.0,https://www.inaturalist.org/observations/130146645,https://inaturalist-open-data.s3.amazonaws.com/photos/221282663/medium.jpg
Ceanothus greggii,ceanothus greggii,Jeff Bisbee,CC BY-NC 4.0,https://www.inaturalist.org/observations/69242994,https://inaturalist-open-data.s3.amazonaws.com/photos/112317051/medium.jpeg
Ceanothus griseus,ceanothus griseus,Henrik Kibak,CC BY 4.0,https://www.inaturalist.org/observations/42545699,https://inaturalist-open-data.s3.amazonaws.com/photos/67558649/medium.jpg
Ceanothus megacarpus,ceanothus megacarpus,mel letterman,CC BY 4.0,https://www.inaturalist.org/observations/275866723,https://inaturalist-open-data.s3.amazonaws.com/photos/495562453/medium.jpg
Ceanothus thyrsiflorus,ceanothus thyrsiflorus,Henrik Kibak,CC BY 4.0,https://www.inaturalist.org/observations/42545699,https://inaturalist-open-data.s3.amazonaws.com/photos/67558649/medium.jpg
Celtis occidentalis,Celtis occidentalis,anro0002,CC BY-SA 2.0,https://www.flickr.com/photos/74738817@N07/37827711824,https://live.staticflickr.com/4519/37827711824_dfcd7c0815_z.jpg
Cephalanthus occidentalis,Buttonbush (Cephalanthus occidentalis),Mary Keim,CC BY-NC-SA 2.0,https://www.flickr.com/photos/38514062@N03/32884088077,https://live.staticflickr.com/65535/32884088077_35ae534205_z.jpg
Cercidium floridum,cercidium floridum,knowepeaaisgood,CC BY-NC 4.0,https://www.inaturalist.org/observations/190865288,https://inaturalist-open-data.s3.amazonaws.com/photos/334692172/medium.jpg
Cercis canadensis,"Social Isolation 415, Eastern Redbud",pecooper98362,CC BY-NC 2.0,https://www.flickr.com/photos/29261037@N02/51175434188,https://live.staticflickr.com/65535/51175434188_da93320806_z.jpg
Cercis occidentalis,cercis occidentalis,Morgan Stickrod,CC BY-NC 4.0,https://www.inaturalist.org/observations/111200011,https://inaturalist-open-data.s3.amazonaws.com/photos/187686055/medium.jpg
Chasmanthium latifolium,"180927 203 Getty Center - Central Bowl Garden, Miscanthus sinensis var condensatus 'Cabaret', Leucadendron 'Ebony', Chasmanthium latifolium Northern Sea Oats",cultivar413,CC BY 2.0,https://www.flickr.com/photos/131880272@N06/45172062801,https://live.staticflickr.com/1917/45172062801_5a5eab0855_z.jpg
Chelone glabra,Turtlehead (Chelone glabra),Under the same moon...,CC BY 2.0,https://www.flickr.com/photos/71119007@N03/48649062712,https://live.staticflickr.com/65535/48649062712_79b35154ed_z.jpg
Cimicifuga racemosa,Cimicifuga racemosa,wallygrom,CC BY-SA 2.0,https://www.flickr.com/photos/33037982@N04/28770565276,https://live.staticflickr.com/8296/28770565276_86176847db_z.jpg
Claytonia virginica,"Spring Beauty - Claytonia virginica, Green Ridge State Forest, Flintstone, Maryland",Judy Gallagher,CC BY 2.0,https://www.flickr.com/photos/52450054@N04/40871192305,https://live.staticflickr.com/954/40871192305_ea8c28bd46_z.jpg
Clethra alnifolia,clethra alnifolia,Michael Chassé,CC BY-NC-ND 4.0,https://www.inaturalist.org/observations/30462946,https://inaturalist-open-data.s3.amazonaws.com/photos/47595346/medium.jpg
Coccoloba diversifolia,coccoloba diversifolia,Douglas Goldman,CC BY-SA 4.0,https://www.inaturalist.org/observations/106036762,https://inaturalist-open-data.s3.amazonaws.com/photos/178049907/medium.jpg
Coccoloba uvifera,coccoloba uvifera,Stephanie Michelle Soto,CC BY-NC 4.0,https://www.inaturalist.org/observations/1511447,https://inaturalist-open-data.s3.amazonaws.com/photos/1872315/medium.jpg
Conoclinium coelestinum,conoclinium coelestinum,Alicia Ballard,CC BY 4.0,https://www.inaturalist.org/observations/196260699,https://inaturalist-open-data.s3.amazonaws.com/photos/345484501/medium.jpg
Coreopsis grandiflora,coreopsis grandiflora,Theo Witsell,CC BY-NC 4.0,https://www.inaturalist.org/observations/80475822,https://inaturalist-open-data.s3.amazonaws.com/photos/131905514/medium.jpg
Coreopsis lanceolata,Coreopsis lanceolata 'Sterntaler' (Mädchenauge),enbodenumer,CC BY-NC-SA 2.0,https://www.flickr.com/photos/30779226@N06/18867665505,https://live.staticflickr.com/3714/18867665505_c502146c33_z.jpg
Coreopsis major,coreopsis major,Becky Dill,CC0,https://www.inaturalist.org/observations/83836527,https://inaturalist-open-data.s3.amazonaws.com/photos/137724340/medium.jpg
Cornus alternifolia,Cornus alternifolia (Pagoda Dogwood),Plant Image Library,CC BY-SA 2.0,https://www.flickr.com/photos/138014579@N08/36454470925,https://live.staticflickr.com/4352/36454470925_73747e3400_z.jpg
Cornus amomum,cornus amomum,symmonsa,CC BY-NC 4.0,https://www.inaturalist.org/observations/318922666,https://inaturalist-open-data.s3.amazonaws.com/photos/576446548/medium.jpg
Cornus canadensis,cornus canadensis,Tom Scavo,CC BY 4.0,https://www.inaturalist.org/observations/305751142,https://inaturalist-open-data.s3.amazonaws.com/photos/551310736/medium.jpg
Cornus florida,cornus florida,Emma Gomez,CC BY-NC 4.0,https://www.inaturalist.org/observations/110394610,https://inaturalist-open-data.s3.amazonaws.com/photos/186221436/medium.jpg
Cornus sericea,Cornus sericea 'Bailey' 01,Scott Zona,CC BY-NC 2.0,https://www.flickr.com/photos/12017190@N06/52656059471,https://live.staticflickr.com/65535/52656059471_6bfa804b97_z.jpg
Corylus americana,Corylus americana,dogtooth77,CC BY-NC-SA 2.0,https://www.flickr.com/photos/53817483@N00/50049085632,https://live.staticflickr.com/65535/50049085632_14e09849c9_z.jpg
Dasylirion texanum,dasylirion texanum,spiderlover111,CC BY-NC 4.0,https://www.inaturalist.org/observations/281375626,https://inaturalist-open-data.s3.amazonaws.com/photos/505442437/medium.jpg
Datura wrightii,Sacred Datura (Datura wrightii) on Pinto Basin Road,Joshua Tree National Park,Public Domain Mark 1.0,https://www.flickr.com/photos/115357548@N08/49823075302,https://live.staticflickr.com/65535/49823075302_c88e368f0c_z.jpg
Delphinium glaucum,delphinium glaucum,Rich Kostecke,CC BY-NC 4.0,https://www.inaturalist.org/observations/29145234,https://inaturalist-open-data.s3.amazonaws.com/photos/45473793/medium.jpg
Deschampsia cespitosa,Deschampsia cespitosa,Matt Lavin,CC BY-SA 2.0,https://www.flickr.com/photos/35478170@N08/27916531492,https://live.staticflickr.com/7295/27916531492_c6d103f57b_z.jpg
Desmanthus illinoensis,desmanthus illinoensis,Anita E Shaul,CC BY-NC 4.0,https://www.inaturalist.org/observations/27727551,https://inaturalist-open-data.s3.amazonaws.com/photos/43170758/medium.jpeg
Desmodium canadense,Desmodium canadense,peganum,CC BY-SA 2.0,https://www.flickr.com/photos/26698606@N03/20305529820,https://live.staticflickr.com/316/20305529820_7df0603f33_z.jpg
Dicentra cucullaria,Dutchman's Breeches (Dicentra cucullaria),Aeranthes,CC BY-NC 2.0,https://www.flickr.com/photos/81566369@N00/17018956278,https://live.staticflickr.com/7666/17018956278_d609b1c66d_z.jpg
Dichondra carolinensis,dichondra carolinensis,Matthew Allen,CC BY-NC 4.0,https://www.inaturalist.org/observations/21620635,https://inaturalist-open-data.s3.amazonaws.com/photos/33471556/medium.jpg
Diervilla lonicera,"Diervilla lonicera (bush-honeysuckle), North Smithfield, RI",Doug_McGrady,CC BY 2.0,https://www.flickr.com/photos/150919437@N06/32050970031,https://live.staticflickr.com/561/32050970031_5ed3986f0b_z.jpg
Diospyros sandwicensis,diospyros sandwicensis,smhogue1,CC BY-NC 4.0,https://www.inaturalist.org/observations/191606833,https://inaturalist-open-data.s3.amazonaws.com/photos/336175993/medium.jpeg
Dryopteris carthusiana,dryopteris carthusiana,Ed Alverson,CC BY 4.0,https://www.inaturalist.org/observations/34031712,https://inaturalist-open-data.s3.amazonaws.com/photos/53511091/medium.jpg
Dryopteris marginalis,"Marginal wood fern, Dryopteris marginalis",Anita363,CC BY-NC 2.0,https://www.flickr.com/photos/61897811@N00/52158498023,https://live.staticflickr.com/65535/52158498023_f7e0582425_z.jpg
Echinacea purpurea,Echinacea purpurea (US Native) 2019 photo,F. D. Richards,CC BY-SA 2.0,https://www.flickr.com/photos/50697352@N00/48408048621,https://live.staticflickr.com/65535/48408048621_608ea75e4a_z.jpg
Eleocharis macrostachya,eleocharis macrostachya,Barbara Banfield,CC BY 4.0,https://www.inaturalist.org/observations/24005361,https://inaturalist-open-data.s3.amazonaws.com/photos/37129468/medium.jpeg
Elymus canadensis,Elymus canadensis,Matt Lavin,CC BY-SA 2.0,https://www.flickr.com/photos/35478170@N08/28581856221,https://live.staticflickr.com/7671/28581856221_f28147f0dd_z.jpg
Elymus hystrix,Eastern bottlebrush grass,NatureServe,Public Domain Mark 1.0,https://www.flickr.com/photos/48711769@N08/41474374864,https://live.staticflickr.com/981/41474374864_8665bbe594_z.jpg
Elymus virginicus,elymus virginicus,Nate Martineau,CC BY-NC 4.0,https://www.inaturalist.org/observations/15158880,https://inaturalist-open-data.s3.amazonaws.com/photos/22663144/medium.jpg
Encelia californica,encelia californica,Joey Santore,CC BY-NC 4.0,https://www.inaturalist.org/observations/324253372,https://inaturalist-open-data.s3.amazonaws.com/photos/586853481/medium.jpg
Equisetum fluviatile,equisetum fluviatile,Герман,CC BY-NC 4.0,https://www.inaturalist.org/observations/36746731,https://inaturalist-open-data.s3.amazonaws.com/photos/58137022/medium.jpeg
Equisetum hyemale,Equisetum hyemale @ Lovagny,*_*,CC BY 2.0,https://www.flickr.com/photos/22539273@N00/49103363788,https://live.staticflickr.com/65535/49103363788_ea3ca472ce_z.jpg
Eragrostis spectabilis,Eragrostis spectabilis,dogtooth77,CC BY-NC-SA 2.0,https://www.flickr.com/photos/53817483@N00/43670238844,https://live.staticflickr.com/1860/43670238844_459063b675_z.jpg
Eriogonum compositum,eriogonum compositum,Lucas Green,CC BY-NC 4.0,https://www.inaturalist.org/observations/222783429,https://inaturalist-open-data.s3.amazonaws.com/photos/394673885/medium.jpg
Eriogonum thomasii,eriogonum thomasii,Steve Matson,CC BY 4.0,https://www.inaturalist.org/observations/71390412,https://inaturalist-open-data.s3.amazonaws.com/photos/116225744/medium.jpg
Eriogonum umbellatum,eriogonum umbellatum,Stephanie Calloway,CC BY-NC 4.0,https://www.inaturalist.org/observations/9279816,https://inaturalist-open-data.s3.amazonaws.com/photos/12576042/medium.jpeg
Eriophorum angustifolium,eriophorum angustifolium,Thomas Fuhrmann,CC BY-NC 4.0,https://www.inaturalist.org/observations/86253798,https://inaturalist-open-data.s3.amazonaws.com/photos/142063838/medium.jpg
Eryngium yuccifolium,"190907 268 Millennium Park Chicago - Lurie Garden, Eryngium yuccifolium Rattlesnake Master, Panicum virgatum ‘Shenandoah‘ Red Switchgrass",cultivar413,CC BY 2.0,https://www.flickr.com/photos/131880272@N06/48757010082,https://live.staticflickr.com/65535/48757010082_66e290b774_z.jpg
Erythronium americanum,Erythronium americanum - Liliaceae,Kerry D Woods,CC BY-NC-ND 2.0,https://www.flickr.com/photos/93854456@N03/51154368383,https://live.staticflickr.com/65535/51154368383_228c0e6726_z.jpg
Eupatorium fistulosum,Shenandoah NP | 17.07.24 | 0031 Eupatorium fistulosum,Kaemat,CC BY-NC-SA 2.0,https://www.flickr.com/photos/66898813@N06/51341289437,https://live.staticflickr.com/65535/51341289437_575d9edb5f_z.jpg
Eupatorium maculatum,Eutrochium maculatum - Asteraceae,Kerry D Woods,CC BY-NC-ND 2.0,https://www.flickr.com/photos/93854456@N03/30552994993,https://live.staticflickr.com/5470/30552994993_657731d330_z.jpg
Eupatorium perfoliatum,"Planted meadow patch with Eupatorium perfoliatum (common boneset), Sorghastrum nutans (Indian grass), and placed rock",tgpotterfield,CC BY-NC-SA 2.0,https://www.flickr.com/photos/55770627@N04/22723158930,https://live.staticflickr.com/677/22723158930_14c604df60_z.jpg
Eupatorium purpureum,Eupatorium purpureum,M. Martin Vicente,CC BY 2.0,https://www.flickr.com/photos/32179778@N00/49668534143,https://live.staticflickr.com/65535/49668534143_295ba71b7c_z.jpg
Eupatorium rugosum,Eupatorium rugosum 'Chocolate' 23W40 white snakeroot S4-,F. D. Richards,CC BY-SA 2.0,https://www.flickr.com/photos/50697352@N00/53239452896,https://live.staticflickr.com/65535/53239452896_babebf5656_z.jpg
Euphorbia corollata,Euphorbia corollata,peganum,CC BY-SA 2.0,https://www.flickr.com/photos/26698606@N03/52278244241,https://live.staticflickr.com/65535/52278244241_4b603e5896_z.jpg
Euphorbia cyathophora,euphorbia cyathophora,Taylor,CC BY-NC 4.0,https://www.inaturalist.org/observations/61454982,https://inaturalist-open-data.s3.amazonaws.com/photos/98345201/medium.jpeg
Euthamia caroliniana,euthamia caroliniana,Alexandra Hemme,CC BY-NC 4.0,https://www.inaturalist.org/observations/101479268,https://inaturalist-open-data.s3.amazonaws.com/photos/169482673/medium.jpg
Eutrochium fistulosum,eutrochium fistulosum,tylernoonan,CC BY-NC 4.0,https://www.inaturalist.org/observations/290046567,https://inaturalist-open-data.s3.amazonaws.com/photos/521738560/medium.jpg
Eutrochium maculatum,Not Your Average Joe (Eutrochium maculatum),wackybadger,CC BY-SA 2.0,https://www.flickr.com/photos/8584048@N05/22663274188,https://live.staticflickr.com/653/22663274188_ff8ee5e055_z.jpg
Eutrochium purpureum,eutrochium purpureum,Juli Ann Elizabeth,CC BY-NC 4.0,https://www.inaturalist.org/observations/29896843,https://inaturalist-open-data.s3.amazonaws.com/photos/46683950/medium.jpeg
Eutrochium steelei,eutrochium steelei,Ann Prince,CC BY 4.0,https://www.inaturalist.org/observations/60075744,https://inaturalist-open-data.s3.amazonaws.com/photos/96037321/medium.jpg
Fagus grandifolia,fagus grandifolia,Misha Zitser,CC BY-NC 4.0,https://www.inaturalist.org/observations/203488404,https://inaturalist-open-data.s3.amazonaws.com/photos/359536590/medium.jpg
Festuca californica,festuca californica,jrpierce72,CC BY-NC 4.0,https://www.inaturalist.org/observations/45980981,https://inaturalist-open-data.s3.amazonaws.com/photos/72927442/medium.jpg
Fouquieria splendens,fouquieria splendens,Zachary Nielsen,CC BY-NC 4.0,https://www.inaturalist.org/observations/250478308,https://inaturalist-open-data.s3.amazonaws.com/photos/447979806/medium.jpeg
Fraxinus americana,fraxinus americana,William Van Hemessen,CC BY-NC 4.0,https://www.inaturalist.org/observations/101540724,https://inaturalist-open-data.s3.amazonaws.com/photos/169588713/medium.jpeg
Fraxinus nigra,ECS silv black ash 130821 site2 WFn53 (4),esagor,CC BY-NC 2.0,https://www.flickr.com/photos/7357861@N03/17180713730,https://live.staticflickr.com/7720/17180713730_84c6e9a8ca_z.jpg
Fraxinus pennsylvanica,fraxinus pennsylvanica,Owen Clarkin,CC BY-NC 4.0,https://www.inaturalist.org/observations/9953851,https://inaturalist-open-data.s3.amazonaws.com/photos/13666987/medium.jpeg
Fremontodendron californicum,fremontodendron californicum,smccutch,CC BY-NC 4.0,https://www.inaturalist.org/observations/122211097,https://inaturalist-open-data.s3.amazonaws.com/photos/206892150/medium.jpeg
Gaillardia pulchella,Indian Blanket Gaillardia pulchella,Paul and Jill,CC BY 2.0,https://www.flickr.com/photos/39136124@N00/52339530165,https://live.staticflickr.com/65535/52339530165_2a10416431_z.jpg
Geranium caespitosum,geranium caespitosum,trekkera_adventure,CC BY-NC 4.0,https://www.inaturalist.org/observations/189065998,https://inaturalist-open-data.s3.amazonaws.com/photos/331091167/medium.jpg
Geranium californicum,geranium californicum,lizzywenk,CC BY-NC 4.0,https://www.inaturalist.org/observations/198124360,https://inaturalist-open-data.s3.amazonaws.com/photos/349124995/medium.jpeg
Geranium maculatum,Spotted Cranes Bill - Geranium maculatum,crookrw,CC BY-NC-SA 2.0,https://www.flickr.com/photos/10203691@N08/34321453791,https://live.staticflickr.com/4191/34321453791_85264aa19b_z.jpg
Geum canadense,Geum canadense,BlueRidgeKitties,CC BY-NC-SA 2.0,https://www.flickr.com/photos/41380738@N05/38771712775,https://live.staticflickr.com/4660/38771712775_01c58a7223_z.jpg
Geum macrophyllum,geum macrophyllum,Gavin Slater,CC BY 4.0,https://www.inaturalist.org/observations/221707578,https://inaturalist-open-data.s3.amazonaws.com/photos/392646575/medium.jpeg
Geum rivale,Geum rivale icelandicum,peganum,CC BY-SA 2.0,https://www.flickr.com/photos/26698606@N03/51143971161,https://live.staticflickr.com/65535/51143971161_a0c927a11e_z.jpg
Geum vernum,geum vernum,Nathan Rauh,CC0,https://www.inaturalist.org/observations/46998656,https://inaturalist-open-data.s3.amazonaws.com/photos/74533539/medium.jpeg
Glandularia bipinnatifida,glandularia bipinnatifida,jamestalon,CC BY-NC 4.0,https://www.inaturalist.org/observations/110191877,https://inaturalist-open-data.s3.amazonaws.com/photos/185846195/medium.jpeg
Goodyera repens,goodyera repens,Joe Brehm,CC BY-NC 4.0,https://www.inaturalist.org/observations/263941951,https://inaturalist-open-data.s3.amazonaws.com/photos/474257328/medium.jpg
Guaiacum officinale,Guaiacum Officinale - Lignum Vitae - Specimen - G,TreeWorld Wholesale,CC BY 2.0,https://www.flickr.com/photos/125424885@N02/52372736280,https://live.staticflickr.com/65535/52372736280_9a74332e38_z.jpg
Gymnocladus dioicus,gymnocladus dioicus,Paul Marcum,CC BY-NC 4.0,https://www.inaturalist.org/observations/33548523,https://inaturalist-open-data.s3.amazonaws.com/photos/52698453/medium.jpg
Hamamelis virginiana,Hamamelis virginiana,anro0002,CC BY-SA 2.0,https://www.flickr.com/photos/74738817@N07/24861508245,https://live.staticflickr.com/1617/24861508245_6f6a62ce8f_z.jpg
Helenium autumnale,Helenium autumnale - sneezeweed,Matt Lavin,CC BY-SA 2.0,https://www.flickr.com/photos/35478170@N08/51339061538,https://live.staticflickr.com/65535/51339061538_5985a26b55_z.jpg
Helianthus angustifolius,Narrowleaf or Swamp Sunflower,eleanord43,CC BY-NC 2.0,https://www.flickr.com/photos/35626889@N07/38805561880,https://live.staticflickr.com/4609/38805561880_3d4473b13d_z.jpg
Helianthus divaricatus,Woodland Sunflower,Daniel Mullen,CC BY-NC-ND 2.0,https://www.flickr.com/photos/8583446@N05/26659178252,https://live.staticflickr.com/1531/26659178252_99269c742e_z.jpg
Helianthus maximiliani,"Painted Lady Butterfly (Vanessa cardui) and mating Goldenrod Soldier Beetles (Chauliognathus pensylvanicus), on Maximilian sunflower (Helianthus maximiliani)",John Brandauer,CC BY-NC-ND 2.0,https://www.flickr.com/photos/91753832@N00/48775098757,https://live.staticflickr.com/65535/48775098757_9e4cb71497_z.jpg
Helianthus mollis,helianthus mollis,Ruth Metterhausen,CC BY-NC 4.0,https://www.inaturalist.org/observations/58068092,https://inaturalist-open-data.s3.amazonaws.com/photos/92669937/medium.jpeg
Helianthus occidentalis,Naked-stemmed Sunflower (Helianthus occidentalis),wackybadger,CC BY-SA 2.0,https://www.flickr.com/photos/8584048@N05/19809680984,https://live.staticflickr.com/370/19809680984_4c25beb631_z.jpg
Helianthus strumosus,"Helianthus strumosus (pale-leaved sunflower), North Smithfield, RI",Doug_McGrady,CC BY 2.0,https://www.flickr.com/photos/150919437@N06/31327715044,https://live.staticflickr.com/497/31327715044_09521d3824_z.jpg
Helianthus tuberosus,Helianthus tuberosus,xulescu_g,CC BY-SA 2.0,https://www.flickr.com/photos/59161444@N05/50633935171,https://live.staticflickr.com/65535/50633935171_d72dbaaefd_z.jpg
Heliconia bihai,heliconia bihai,Miguel David Artavia Solís,CC BY-NC 4.0,https://www.inaturalist.org/observations/322401986,https://inaturalist-open-data.s3.amazonaws.com/photos/583228896/medium.jpg
Heliomeris multiflora,heliomeris multiflora,msmnificent,CC BY-NC 4.0,https://www.inaturalist.org/observations/306880345,https://inaturalist-open-data.s3.amazonaws.com/photos/553459861/medium.jpg
Heliopsis helianthoides,False Sunflower (Heliopsis helianthoides),wackybadger,CC BY-SA 2.0,https://www.flickr.com/photos/8584048@N05/26146322125,https://live.staticflickr.com/1625/26146322125_02d1de97c1_z.jpg
Hepatica americana,Round-lobed Hepatica (Hepatica americana),Jim M12,CC BY-NC-SA 2.0,https://www.flickr.com/photos/35716495@N08/52802386979,https://live.staticflickr.com/65535/52802386979_ce43939dc3_z.jpg
Hepatica nobilis,hepatica nobilis,bobkennedy,CC BY-SA 4.0,https://www.inaturalist.org/observations/24747265,https://inaturalist-open-data.s3.amazonaws.com/photos/38270071/medium.jpg
Hesperaloe parviflora,hesperaloe parviflora,Matt Reala,CC BY-NC 4.0,https://www.inaturalist.org/observations/173886449,https://inaturalist-open-data.s3.amazonaws.com/photos/302028821/medium.jpg
Heteromeles arbutifolia,Toyon - Heteromeles arbutifolia,az3,CC BY-NC-SA 2.0,https://www.flickr.com/photos/42978673@N00/30467035224,https://live.staticflickr.com/5642/30467035224_bd02f3fc21_z.jpg
Heuchera americana,Heuchera americana 'Marvelous Marble' 10/2021 Coral Bells-,F. D. Richards,CC BY-SA 2.0,https://www.flickr.com/photos/50697352@N00/51624294780,https://live.staticflickr.com/65535/51624294780_4676a2df5f_z.jpg
Hexastylis arifolia,hexastylis arifolia,Matt Reala,CC BY-NC 4.0,https://www.inaturalist.org/observations/164161876,https://inaturalist-open-data.s3.amazonaws.com/photos/284011670/medium.jpg
Hibiscus arnottianus,hibiscus arnottianus,Kyle Brine,CC BY-NC 4.0,https://www.inaturalist.org/observations/280935096,https://inaturalist-open-data.s3.amazonaws.com/photos/504622434/medium.jpg
Hibiscus brackenridgei,hibiscus brackenridgei,Saumitra Kelkar,CC BY-NC 4.0,https://www.inaturalist.org/observations/70292232,https://inaturalist-open-data.s3.amazonaws.com/photos/114241152/medium.jpg
Hibiscus moscheutos,hibiscus moscheutos,unkelbob,CC BY-NC 4.0,https://www.inaturalist.org/observations/89689232,https://inaturalist-open-data.s3.amazonaws.com/photos/148132035/medium.jpg
Hydrophyllum virginianum,hydrophyllum virginianum,cvnp_hiker,CC BY-NC 4.0,https://www.inaturalist.org/observations/118022495,https://inaturalist-open-data.s3.amazonaws.com/photos/199365028/medium.jpeg
Hymenoclea salsola,hymenoclea salsola,gschoend,CC BY-NC 4.0,https://www.inaturalist.org/observations/236433592,https://inaturalist-open-data.s3.amazonaws.com/photos/420631189/medium.jpeg
Hymenopappus filifolius,hymenopappus filifolius,Dayan J Anderson,CC BY-NC 4.0,https://www.inaturalist.org/observations/27413889,https://inaturalist-open-data.s3.amazonaws.com/photos/42653401/medium.jpeg
Ilex decidua,Ilex decidua 'Finch's Golden' 01,Scott Zona,CC BY-NC 2.0,https://www.flickr.com/photos/12017190@N06/51886151249,https://live.staticflickr.com/65535/51886151249_bbe9c892c7_z.jpg
Ilex verticillata,Ilex verticillata 'Christmas Cheer',Cerlin Ng,CC BY-NC-SA 2.0,https://www.flickr.com/photos/89906643@N06/25288889757,https://live.staticflickr.com/4755/25288889757_9efec504c0_z.jpg
Impatiens capensis,Impatiens capensis blossoms,dogtooth77,CC BY-NC-SA 2.0,https://www.flickr.com/photos/53817483@N00/50376591993,https://live.staticflickr.com/65535/50376591993_a4dcbaf85b_z.jpg
Iris brevicaulis,iris brevicaulis,James Bailey,CC BY-NC 4.0,https://www.inaturalist.org/observations/12729137,https://inaturalist-open-data.s3.amazonaws.com/photos/18435672/medium.jpeg
Iris cristata,Iris cristata,peganum,CC BY-SA 2.0,https://www.flickr.com/photos/26698606@N03/33156854334,https://live.staticflickr.com/3938/33156854334_d56621b916_z.jpg
Iris douglasiana,iris douglasiana,cloudya,CC BY-NC 4.0,https://www.inaturalist.org/observations/27370915,https://inaturalist-open-data.s3.amazonaws.com/photos/42580395/medium.jpg
Iris fulva,iris fulva,Thomas Shahan,CC BY-NC 4.0,https://www.inaturalist.org/observations/117940008,https://inaturalist-open-data.s3.amazonaws.com/photos/199220234/medium.jpg
Iris versicolor,iris versicolor,TurasPhoto,CC BY-NC 2.0,https://www.flickr.com/photos/10028596@N00/22742733792,https://live.staticflickr.com/5656/22742733792_82fabd5b4d_z.jpg
Iris virginica,Southern Blue Flag Iris (Iris virginica),marknenadov,CC BY 2.0,https://www.flickr.com/photos/34157166@N08/35124620012,https://live.staticflickr.com/4282/35124620012_b6812c1297_z.jpg
Jeffersonia diphylla,Twinleaf in Bloom,BlueRidgeKitties,CC BY-NC-SA 2.0,https://www.flickr.com/photos/41380738@N05/27572941281,https://live.staticflickr.com/7687/27572941281_7daf910936_z.jpg
Juncus effusus,juncus effusus,Douglas Goldman,CC BY-SA 4.0,https://www.inaturalist.org/observations/122973477,https://inaturalist-open-data.s3.amazonaws.com/photos/208271637/medium.jpg
Juncus patens,juncus patens,goatkyle,CC BY-NC 4.0,https://www.inaturalist.org/observations/3014643,https://inaturalist-open-data.s3.amazonaws.com/photos/3467889/medium.jpg
Kalmia latifolia,kalmia latifolia,Ashley M Bradford,CC BY-NC 4.0,https://www.inaturalist.org/observations/12930099,https://inaturalist-open-data.s3.amazonaws.com/photos/18787006/medium.jpg
Lathyrus lanszwertii,lathyrus lanszwertii,dlehle,CC BY-NC 4.0,https://www.inaturalist.org/observations/45448387,https://inaturalist-open-data.s3.amazonaws.com/photos/72067804/medium.jpeg
Liatris aspera,"190907 288 Millennium Park Chicago - Lurie Garden, Liatris aspera Rough Blazing Star, Euphorbia corollata Flowering Spurge, Eryngium yuccifolium Rattlesnake Master, Sesleria autumnalis Prairie Dropseed Grass",cultivar413,CC BY 2.0,https://www.flickr.com/photos/131880272@N06/48756933327,https://live.staticflickr.com/65535/48756933327_752c461de1_z.jpg
Liatris mucronata,liatris mucronata,Aidan Campos,CC BY-NC 4.0,https://www.inaturalist.org/observations/145936330,https://inaturalist-open-data.s3.amazonaws.com/photos/250785113/medium.jpg
Liatris spicata,Liatris spicata Blazing Star maybe,pigdump,CC BY-NC-ND 2.0,https://www.flickr.com/photos/48337276@N00/28096625462,https://live.staticflickr.com/7642/28096625462_cef102bf63_z.jpg
Lilium philadelphicum,lilium philadelphicum,sstaats,CC BY-NC 4.0,https://www.inaturalist.org/observations/84918551,https://inaturalist-open-data.s3.amazonaws.com/photos/139632616/medium.jpeg
Lindera benzoin,Lindera benzoin early autumn foliage,dogtooth77,CC BY-NC-SA 2.0,https://www.flickr.com/photos/53817483@N00/50535389886,https://live.staticflickr.com/65535/50535389886_e693a78dd7_z.jpg
Linnaea borealis,linnaea borealis,Aleksandr_Levon,CC BY-NC 4.0,https://www.inaturalist.org/observations/143564118,https://inaturalist-open-data.s3.amazonaws.com/photos/246230546/medium.jpeg
Liquidambar styraciflua,liquidambar styraciflua,krboys,CC BY-NC 4.0,https://www.inaturalist.org/observations/256682420,https://inaturalist-open-data.s3.amazonaws.com/photos/460277403/medium.jpg
Liriodendron tulipifera,liriodendron tulipifera,Michael J. Papay,CC BY 4.0,https://www.inaturalist.org/observations/240131367,https://inaturalist-open-data.s3.amazonaws.com/photos/427776480/medium.jpeg
Lobelia cardinalis,Lobelia cardinalis,BlueRidgeKitties,CC BY-NC-SA 2.0,https://www.flickr.com/photos/41380738@N05/24736605997,https://live.staticflickr.com/4753/24736605997_36a30d116c_z.jpg
Lobelia inflata,Lobelia inflata,Adam Balzer,CC BY-NC-ND 2.0,https://www.flickr.com/photos/99579779@N05/19589945856,https://live.staticflickr.com/517/19589945856_f6d3924557_z.jpg
Lobelia kalmii,"Lobelia kalmii (brook lobelia), West Hartford, VT",Doug_McGrady,CC BY 2.0,https://www.flickr.com/photos/150919437@N06/35971850681,https://live.staticflickr.com/4316/35971850681_393483eb20_z.jpg
Lobelia puberula,Lobelia puberula,NatePNHP,CC BY-NC-SA 2.0,https://www.flickr.com/photos/157919384@N05/39299087294,https://live.staticflickr.com/4665/39299087294_60e73d02ab_z.jpg
Lobelia siphilitica,Lobelia siphilitica,Adam Balzer,CC BY-NC-ND 2.0,https://www.flickr.com/photos/99579779@N05/21307059446,https://live.staticflickr.com/644/21307059446_debc400de4_z.jpg
Lobelia spicata,Lobelia spicata var. spicata (Spiked Lobelia) - Rattlesnake Hill,Doug_McGrady,CC BY 2.0,https://www.flickr.com/photos/150919437@N06/34590974156,https://live.staticflickr.com/4162/34590974156_ace1c5667d_z.jpg
Lonicera ciliosa,lonicera ciliosa,chupp_norris,CC BY-NC 4.0,https://www.inaturalist.org/observations/218537318,https://inaturalist-open-data.s3.amazonaws.com/photos/386720339/medium.jpg
Lonicera sempervirens,Coral Honeysuckle (Lonicera sempervirens),Mary Keim,CC BY-NC-SA 2.0,https://www.flickr.com/photos/38514062@N03/49946406843,https://live.staticflickr.com/65535/49946406843_486d7b0195_z.jpg
Lonicera subspicata,lonicera subspicata,coolbreeze64,CC BY-NC 4.0,https://www.inaturalist.org/observations/50741016,https://inaturalist-open-data.s3.amazonaws.com/photos/81535448/medium.jpg
Luzula comosa,luzula comosa,Steve Matson,CC BY 4.0,https://www.inaturalist.org/observations/66428943,https://inaturalist-open-data.s3.amazonaws.com/photos/107087136/medium.jpg
Lycium andersonii,lycium andersonii,Irene,CC0,https://www.inaturalist.org/observations/331229436,https://inaturalist-open-data.s3.amazonaws.com/photos/600828078/medium.jpg
Lysimachia terrestris,Lysimachia terrestris,Adam Balzer,CC BY-NC-ND 2.0,https://www.flickr.com/photos/99579779@N05/18348218623,https://live.staticflickr.com/435/18348218623_eba1623779_z.jpg
Magnolia acuminata,Magnolia acuminata (cucumber tree) 1,James St. John,CC BY 2.0,https://www.flickr.com/photos/47445767@N05/51273073823,https://live.staticflickr.com/65535/51273073823_0ed05838fb_z.jpg
Magnolia virginiana,magnolia virginiana,Robert Simons,CC BY-NC 4.0,https://www.inaturalist.org/observations/54313187,https://inaturalist-open-data.s3.amazonaws.com/photos/86415404/medium.jpeg
Maianthemum canadense,maianthemum canadense,agbelliveau,CC0,https://www.inaturalist.org/observations/168199869,https://inaturalist-open-data.s3.amazonaws.com/photos/291464846/medium.jpeg
Maianthemum racemosum,Maianthemum racemosum (False Solomon's Seal),Plant Image Library,CC BY-SA 2.0,https://www.flickr.com/photos/138014579@N08/35032751725,https://live.staticflickr.com/4243/35032751725_44901380b1_z.jpg
Matteuccia struthiopteris,Matteuccia struthiopteris,Hornbeam Arts,CC BY-NC 2.0,https://www.flickr.com/photos/9667981@N04/41109510234,https://live.staticflickr.com/826/41109510234_3fe3f97d6c_z.jpg
Melampodium divaricatum,melampodium divaricatum,ekdelval,CC BY-NC 4.0,https://www.inaturalist.org/observations/32817406,https://inaturalist-open-data.s3.amazonaws.com/photos/51500005/medium.jpg
Menziesia ferruginea,menziesia ferruginea,wadudu,CC BY-NC 4.0,https://www.inaturalist.org/observations/82265689,https://inaturalist-open-data.s3.amazonaws.com/photos/135006864/medium.jpg
Mertensia ciliata,mertensia ciliata,Dan Venable,CC BY-NC 4.0,https://www.inaturalist.org/observations/241949854,https://inaturalist-open-data.s3.amazonaws.com/photos/431275767/medium.jpeg
Mertensia virginica,"Virginia Bluebells, from my east windows ~ Huron River and Watershed, Michigan",j van cise photos,CC BY 2.0,https://www.flickr.com/photos/115464896@N07/27574356339,https://live.staticflickr.com/4636/27574356339_4e13879bf7_z.jpg
Metrosideros collina,metrosideros collina,Kenneth R. Wood (NTBG),CC BY-NC 4.0,https://www.inaturalist.org/observations/156401947,https://inaturalist-open-data.s3.amazonaws.com/photos/270448714/medium.jpeg
Metrosideros polymorpha,metrosideros polymorpha,marsyd,CC0,https://www.inaturalist.org/observations/299464073,https://inaturalist-open-data.s3.amazonaws.com/photos/539505240/medium.jpg
Mimulus ringens,plant Mimulus ringens Allegheny monkey flower Suli Marsh ncwetlands AM (11),ncwetlands.org,CC0,https://www.flickr.com/photos/150964093@N06/43478529124,https://live.staticflickr.com/1866/43478529124_cf355dcb91_z.jpg
Mitchella repens,"Mitchella repens (partridgeberry), flowers",tgpotterfield,CC BY-NC-SA 2.0,https://www.flickr.com/photos/55770627@N04/35694152005,https://live.staticflickr.com/4103/35694152005_a76e03e853_z.jpg
Monarda didyma,Monarda didyma 'Cambridge Scarlet',M. Martin Vicente,CC BY 2.0,https://www.flickr.com/photos/32179778@N00/34615549262,https://live.staticflickr.com/4269/34615549262_64a194dcec_z.jpg
Monarda fistulosa,Wild Bergamot (Monarda fistulosa),wackybadger,CC BY-SA 2.0,https://www.flickr.com/photos/8584048@N05/23265435245,https://live.staticflickr.com/682/23265435245_28aece7401_z.jpg
Monarda punctata,Spotted Beebalm (Monarda punctata),jonnx12,CC BY-SA 2.0,https://www.flickr.com/photos/126083867@N02/41100782361,https://live.staticflickr.com/875/41100782361_56aefce2c7_z.jpg
Monardella villosa,monardella villosa,Alexander Wentworth,CC BY 4.0,https://www.inaturalist.org/observations/172884894,https://inaturalist-open-data.s3.amazonaws.com/photos/300177193/medium.jpeg
Morus rubra,morus rubra,Douglas Goldman,CC BY-SA 4.0,https://www.inaturalist.org/observations/159134763,https://inaturalist-open-data.s3.amazonaws.com/photos/274935593/medium.jpg
Muhlenbergia capillaris,Muhlenbergia capillaris,dogtooth77,CC BY-NC-SA 2.0,https://www.flickr.com/photos/53817483@N00/30966844985,https://live.staticflickr.com/5735/30966844985_e28a1e75df_z.jpg
Myosotis laxa,myosotis laxa,ethanpersonius,CC BY-NC 4.0,https://www.inaturalist.org/observations/126275223,https://inaturalist-open-data.s3.amazonaws.com/photos/214238061/medium.jpg
Myrsine lessertiana,myrsine lessertiana,Kyhl Austin,CC BY-NC 4.0,https://www.inaturalist.org/observations/81821435,https://inaturalist-open-data.s3.amazonaws.com/photos/134231036/medium.jpg
Nyssa sylvatica,Black Tupelo (Nyssa sylvatica var. sylvatica) 605-2*A,Plant Image Library,CC BY-SA 2.0,https://www.flickr.com/photos/138014579@N08/50082351408,https://live.staticflickr.com/65535/50082351408_88676f428d_z.jpg
Oenanthe sarmentosa,oenanthe sarmentosa,Dan Rubado,CC BY-NC 4.0,https://www.inaturalist.org/observations/182404900,https://inaturalist-open-data.s3.amazonaws.com/photos/318030121/medium.jpeg
Oenothera biennis,Oenothera biennis,anro0002,CC BY-SA 2.0,https://www.flickr.com/photos/74738817@N07/28068019501,https://live.staticflickr.com/7646/28068019501_652885f56c_z.jpg
Oenothera fruticosa,Oenothera fruticosa blooms II,dogtooth77,CC BY-NC-SA 2.0,https://www.flickr.com/photos/53817483@N00/51277661816,https://live.staticflickr.com/65535/51277661816_604ff148ae_z.jpg
Opuntia engelmannii,opuntia engelmannii,Independencia,CC BY-NC 4.0,https://www.inaturalist.org/observations/28595711,https://inaturalist-open-data.s3.amazonaws.com/photos/44587453/medium.jpeg
Osmorhiza berteroi,osmorhiza berteroi,Joseph D Kurtz,CC BY-NC 4.0,https://www.inaturalist.org/observations/50337521,https://inaturalist-open-data.s3.amazonaws.com/photos/79929105/medium.jpeg
Osmorhiza chilensis,osmorhiza chilensis,Joseph D Kurtz,CC BY-NC 4.0,https://www.inaturalist.org/observations/50337521,https://inaturalist-open-data.s3.amazonaws.com/photos/79929105/medium.jpeg
Osmunda cinnamomea,"Cinnamon Fern (Osmunda cinnamomea) NJ native — in Clarksburg, New Jersey.",John Brandauer,CC BY-NC-ND 2.0,https://www.flickr.com/photos/91753832@N00/26733935244,https://live.staticflickr.com/7426/26733935244_c08f635b90_z.jpg
Osmunda claytoniana,osmunda claytoniana,,CC BY-NC 4.0,https://www.inaturalist.org/observations/253241934,https://inaturalist-open-data.s3.amazonaws.com/photos/453405233/medium.jpeg
Oxydendrum arboreum,oxydendrum arboreum,Michael J. Papay,CC BY 4.0,https://www.inaturalist.org/observations/138150210,https://inaturalist-open-data.s3.amazonaws.com/photos/236070957/medium.jpeg
Packera aurea,"Packera aurea (golden ragwort), Fern Valley, US National Arboretum",jmlwinder,CC BY-NC-ND 2.0,https://www.flickr.com/photos/83833206@N00/33865180542,https://live.staticflickr.com/2916/33865180542_4c249df250_z.jpg
Packera obovata,Roundleaf Groundsel,pk2morgan,CC0,https://www.flickr.com/photos/196257575@N03/52281845830,https://live.staticflickr.com/65535/52281845830_67a9f9d682_z.jpg
Panicum virgatum,Panicum virgatum 'Cheyenne Sky' WW45 Switchgrass V2-,F. D. Richards,CC BY-SA 2.0,https://www.flickr.com/photos/50697352@N00/52497513445,https://live.staticflickr.com/65535/52497513445_939106b95c_z.jpg
Parkinsonia florida,parkinsonia florida,Soumil,CC BY-NC 4.0,https://www.inaturalist.org/observations/187376516,https://inaturalist-open-data.s3.amazonaws.com/photos/327669653/medium.jpg
Parkinsonia microphylla,parkinsonia microphylla,refren,CC BY-NC 4.0,https://www.inaturalist.org/observations/24210405,https://inaturalist-open-data.s3.amazonaws.com/photos/37438039/medium.jpg
Parnassia fimbriata,parnassia fimbriata,Bruce Newhouse,CC BY-NC-ND 4.0,https://www.inaturalist.org/observations/96986325,https://inaturalist-open-data.s3.amazonaws.com/photos/161203430/medium.jpg
Parthenocissus quinquefolia,parthenocissus quinquefolia,cb914,CC BY-NC 4.0,https://www.inaturalist.org/observations/186279244,https://inaturalist-open-data.s3.amazonaws.com/photos/325505988/medium.jpeg
Passiflora incarnata,passiflora incarnata,Kaleb Maxon,CC BY-NC 4.0,https://www.inaturalist.org/observations/120082293,https://inaturalist-open-data.s3.amazonaws.com/photos/203078162/medium.jpeg
Pediomelum argophyllum,pediomelum argophyllum,bugger44,CC BY-NC 4.0,https://www.inaturalist.org/observations/85858994,https://inaturalist-open-data.s3.amazonaws.com/photos/141339621/medium.jpeg
Peltandra virginica,peltandra virginica,Jeff Chapman,CC BY-NC 4.0,https://www.inaturalist.org/observations/75391004,https://inaturalist-open-data.s3.amazonaws.com/photos/123332817/medium.jpeg
Penstemon digitalis,Penstemon digitalis 'Husker Red',proteinbiochemist,CC BY-NC 2.0,https://www.flickr.com/photos/78244633@N00/18822392712,https://live.staticflickr.com/3669/18822392712_481bac9d52_z.jpg
Penstemon grandiflorus,penstemon grandiflorus,mhrichter,CC BY-NC 4.0,https://www.inaturalist.org/observations/6536512,https://inaturalist-open-data.s3.amazonaws.com/photos/8282936/medium.jpg
Penstemon hirsutus,Penstemon hirsutus,dogtooth77,CC BY-NC-SA 2.0,https://www.flickr.com/photos/53817483@N00/52128424429,https://live.staticflickr.com/65535/52128424429_d610875a9e_z.jpg
Penstemon procerus,Penstemon procerus,Matt Lavin,CC BY-SA 2.0,https://www.flickr.com/photos/35478170@N08/28363392846,https://live.staticflickr.com/8641/28363392846_d0f947bb04_z.jpg
Pentaphylloides floribunda,Dasiphora fruticosa,Matt Lavin,CC BY-SA 2.0,https://www.flickr.com/photos/35478170@N08/27976465154,https://live.staticflickr.com/8785/27976465154_8024379a67_z.jpg
Persea borbonia,persea borbonia,Jeff Eickwort,CC BY-NC 4.0,https://www.inaturalist.org/observations/15024953,https://inaturalist-open-data.s3.amazonaws.com/photos/22422092/medium.jpeg
Phacelia tanacetifolia,phacelia tanacetifolia,Pavel Komkov,CC BY 4.0,https://www.inaturalist.org/observations/48513505,https://inaturalist-open-data.s3.amazonaws.com/photos/76985763/medium.jpg
Philodendron scandens,philodendron scandens,Maria Silvia Pitman,CC BY-NC 4.0,https://www.inaturalist.org/observations/333711570,https://inaturalist-open-data.s3.amazonaws.com/photos/605858132/medium.jpg
Phlox diffusa,phlox diffusa,Emily Scherer,CC BY-NC 4.0,https://www.inaturalist.org/observations/88225904,https://inaturalist-open-data.s3.amazonaws.com/photos/145543539/medium.jpg
Phlox divaricata,Woodland Phlox (Phlox divaricata),wackybadger,CC BY-SA 2.0,https://www.flickr.com/photos/8584048@N05/24595606372,https://live.staticflickr.com/1460/24595606372_5e677cd88d_z.jpg
Phlox paniculata,"Au jardin, phlox paniculé (phlox paniculata), Bosdarros, Béarn, Pyrénées Atlantiques, Nouvelle-Aquitaine, France.",byb64,CC BY-NC-SA 2.0,https://www.flickr.com/photos/50879678@N03/44667872342,https://live.staticflickr.com/1869/44667872342_60867f7a89_z.jpg
Phlox pilosa,phlox pilosa,Clio,CC BY-NC 4.0,https://www.inaturalist.org/observations/11663159,https://inaturalist-open-data.s3.amazonaws.com/photos/16665367/medium.jpg
Physostegia virginiana,"Physostegia virginiana 'Vivid' (obedient plant) Photo by F.D.Richards, SE Michigan, 9/2020",F. D. Richards,CC BY-SA 2.0,https://www.flickr.com/photos/50697352@N00/50350738827,https://live.staticflickr.com/65535/50350738827_a97fa40001_z.jpg
Pisonia aculeata,pisonia aculeata,Alexis López Hernández,CC BY 4.0,https://www.inaturalist.org/observations/177905072,https://inaturalist-open-data.s3.amazonaws.com/photos/309480972/medium.jpeg
Platanus occidentalis,Sycamore Tree Platanus occidentalis,Bugldy99,CC BY-NC 2.0,https://www.flickr.com/photos/130637544@N02/35879432671,https://live.staticflickr.com/4309/35879432671_515eb01c74_z.jpg
Podophyllum peltatum,Mayapples (1),Nicholas_T,CC BY 2.0,https://www.flickr.com/photos/14922165@N00/33870027430,https://live.staticflickr.com/2842/33870027430_691f91b1c0_z.jpg
Polemonium foliosissimum,polemonium foliosissimum,jangorski,CC BY-NC 4.0,https://www.inaturalist.org/observations/85282028,https://inaturalist-open-data.s3.amazonaws.com/photos/140308352/medium.jpg
Polemonium reptans,"Polemonium reptans (Jacob's-ladder), Jackson, OH",Doug_McGrady,CC BY 2.0,https://www.flickr.com/photos/150919437@N06/34637901495,https://live.staticflickr.com/4194/34637901495_97c793d6aa_z.jpg
Polygonatum biflorum,"Polygonatum biflorum (Solomon's seal) (Devil's Parlor, Interstate State Park, Taylors Falls, Minnesota, USA) 1",James St. John,CC BY 2.0,https://www.flickr.com/photos/47445767@N05/19451813264,https://live.staticflickr.com/354/19451813264_e9de8aa0e5_z.jpg
Polystichum acrostichoides,"150829 134 Battery Park City - South Cove Park, Polystichum acrostichoides Christmas Fern, Adiantum pedatum, Skimmia japonica",cultivar413,CC BY 2.0,https://www.flickr.com/photos/131880272@N06/20614938314,https://live.staticflickr.com/590/20614938314_86b301824d_z.jpg
Pontederia cordata,pontederia cordata,RAP,CC BY 4.0,https://www.inaturalist.org/observations/66585531,https://inaturalist-open-data.s3.amazonaws.com/photos/107372233/medium.jpg
Populus deltoides,populus deltoides,Douglas Goldman,CC BY-SA 4.0,https://www.inaturalist.org/observations/56060594,https://inaturalist-open-data.s3.amazonaws.com/photos/89307268/medium.jpg
Populus grandidentata,populus grandidentata,Margaret Woodbridge,CC BY-NC 4.0,https://www.inaturalist.org/observations/97439198,https://inaturalist-open-data.s3.amazonaws.com/photos/162053290/medium.jpg
Populus trichocarpa,populus trichocarpa,Aaron Wells,CC BY-NC 4.0,https://www.inaturalist.org/observations/50329185,https://inaturalist-open-data.s3.amazonaws.com/photos/79916559/medium.jpeg
Prenanthes alba,prenanthes alba,Don Sutherland,CC BY-NC 4.0,https://www.inaturalist.org/observations/179888694,https://inaturalist-open-data.s3.amazonaws.com/photos/313256349/medium.jpg
Prenanthes altissima,prenanthes altissima,,CC BY-NC 4.0,https://www.inaturalist.org/observations/62061778,https://inaturalist-open-data.s3.amazonaws.com/photos/99388523/medium.jpg
Pritchardia hillebrandii,pritchardia hillebrandii,Kenneth R. Wood (NTBG),CC BY-NC 4.0,https://www.inaturalist.org/observations/255606093,https://inaturalist-open-data.s3.amazonaws.com/photos/458097882/medium.jpg
Pritchardia maideniana,pritchardia maideniana,Susan Fawcett,CC BY-NC 4.0,https://www.inaturalist.org/observations/267368876,https://inaturalist-open-data.s3.amazonaws.com/photos/480476731/medium.jpg
Pritchardia remota,pritchardia remota,Hubert Szczygieł,CC BY-NC 4.0,https://www.inaturalist.org/observations/196005403,https://inaturalist-open-data.s3.amazonaws.com/photos/344969947/medium.jpg
Prunus americana,Prunus americana - American plum,Matt Lavin,CC BY-SA 2.0,https://www.flickr.com/photos/35478170@N08/51200416156,https://live.staticflickr.com/65535/51200416156_72032990aa_z.jpg
Prunus emarginata,Prunus emarginata-Bitter Cherry,campsjc,CC BY-NC 2.0,https://www.flickr.com/photos/24284031@N00/28745122426,https://live.staticflickr.com/8646/28745122426_04ee3d1bb1_z.jpg
Prunus ilicifolia,prunus ilicifolia,c michael hogan,CC BY-NC-SA 4.0,https://www.inaturalist.org/observations/12758284,https://inaturalist-open-data.s3.amazonaws.com/photos/18486628/medium.jpg
Prunus maritima,prunus maritima,Eric M Powell,CC BY-NC 4.0,https://www.inaturalist.org/observations/161059556,https://inaturalist-open-data.s3.amazonaws.com/photos/278363988/medium.jpeg
Prunus serotina,prunus serotina,Jerónimo García,CC BY-NC 4.0,https://www.inaturalist.org/observations/147068926,https://inaturalist-open-data.s3.amazonaws.com/photos/252996973/medium.jpg
Prunus virginiana,prunus virginiana,darmuzz,CC BY-NC 4.0,https://www.inaturalist.org/observations/82149095,https://inaturalist-open-data.s3.amazonaws.com/photos/134806075/medium.jpg
Psychotria nervosa,psychotria nervosa,Logan,CC BY-NC 4.0,https://www.inaturalist.org/observations/160487374,https://inaturalist-open-data.s3.amazonaws.com/photos/277324784/medium.jpeg
Pterocarpus officinalis,pterocarpus officinalis,Juan Gabriel,CC BY-NC 4.0,https://www.inaturalist.org/observations/122086109,https://inaturalist-open-data.s3.amazonaws.com/photos/206667626/medium.jpeg
Pycnanthemum muticum,Pycnanthemum muticum - Lamiaceae,Kerry D Woods,CC BY-NC-ND 2.0,https://www.flickr.com/photos/93854456@N03/21956182848,https://live.staticflickr.com/5827/21956182848_16459222b1_z.jpg
Pycnanthemum tenuifolium,"Pycnanthemum tenuifolium (narrow-leaved mountain-mint), Warwick, RI",Doug_McGrady,CC BY 2.0,https://www.flickr.com/photos/150919437@N06/31324634884,https://live.staticflickr.com/363/31324634884_3cae2ed55c_z.jpg
Pycnanthemum virginianum,Pycnanthemum virginianum - Lamiaceae,Kerry D Woods,CC BY-NC-ND 2.0,https://www.flickr.com/photos/93854456@N03/50548717977,https://live.staticflickr.com/65535/50548717977_d3a116964b_z.jpg
Quercus agrifolia,"Quercus agrifolius (coastal live oak; California live oak) (near Calistoga, California, USA) 1",James St. John,CC BY 2.0,https://www.flickr.com/photos/47445767@N05/49093447301,https://live.staticflickr.com/65535/49093447301_87b3b4c6e7_z.jpg
Quercus alba,quercus alba,wlcook,CC BY-NC 4.0,https://www.inaturalist.org/observations/17407986,https://inaturalist-open-data.s3.amazonaws.com/photos/26450298/medium.jpg
Quercus bicolor,quercus bicolor,Caleb Swecker,CC BY-NC 4.0,https://www.inaturalist.org/observations/307541009,https://inaturalist-open-data.s3.amazonaws.com/photos/554732162/medium.jpg
Quercus coccinea,quercus coccinea,Misha Zitser,CC BY-NC 4.0,https://www.inaturalist.org/observations/100463784,https://inaturalist-open-data.s3.amazonaws.com/photos/167682877/medium.jpg
Quercus emoryi,quercus emoryi,Craig Martin,CC0,https://www.inaturalist.org/observations/62899008,https://inaturalist-open-data.s3.amazonaws.com/photos/100859548/medium.jpeg
Quercus garryana,quercus garryana,Adriana Velasquez,CC BY-NC 4.0,https://www.inaturalist.org/observations/54424100,https://inaturalist-open-data.s3.amazonaws.com/photos/86657283/medium.jpeg
Quercus lobata,quercus lobata,sea-kangaroo,CC BY-NC-ND 4.0,https://www.inaturalist.org/observations/27870963,https://inaturalist-open-data.s3.amazonaws.com/photos/43407981/medium.jpeg
Quercus macrocarpa,quercus macrocarpa,Steve Galehouse,CC BY-NC 4.0,https://www.inaturalist.org/observations/4978824,https://inaturalist-open-data.s3.amazonaws.com/photos/6077859/medium.jpg
Quercus michauxii,quercus michauxii,Douglas Goldman,CC BY-SA 4.0,https://www.inaturalist.org/observations/35175191,https://inaturalist-open-data.s3.amazonaws.com/photos/55437153/medium.jpg
Quercus palustris,quercus palustris,Douglas Goldman,CC BY-SA 4.0,https://www.inaturalist.org/observations/109321708,https://inaturalist-open-data.s3.amazonaws.com/photos/184234231/medium.jpg
Quercus phellos,quercus phellos,Douglas Goldman,CC BY-SA 4.0,https://www.inaturalist.org/observations/141018846,https://inaturalist-open-data.s3.amazonaws.com/photos/241484734/medium.jpg
Quercus rubra,quercus rubra,David Cristiani,CC BY-NC 4.0,https://www.inaturalist.org/observations/199820520,https://inaturalist-open-data.s3.amazonaws.com/photos/352437425/medium.jpeg
Quercus stellata,quercus stellata,Aidan Campos,CC BY-NC 4.0,https://www.inaturalist.org/observations/253358345,https://inaturalist-open-data.s3.amazonaws.com/photos/453633783/medium.jpeg
Quercus virginiana,quercus virginiana,Jonathan Gilmer,CC BY-NC-ND 4.0,https://www.inaturalist.org/observations/198260949,https://inaturalist-open-data.s3.amazonaws.com/photos/349400564/medium.jpeg
Ratibida columnaris,ratibida columnaris,Jesús Niño C.,CC BY-NC 4.0,https://www.inaturalist.org/observations/19497502,https://inaturalist-open-data.s3.amazonaws.com/photos/30002212/medium.jpeg
Ratibida pinnata,"Yellow coneflower (Ratibida pinnata), West Allis WI",Aaron Volkening,CC BY 2.0,https://www.flickr.com/photos/87297882@N03/53108927181,https://live.staticflickr.com/65535/53108927181_66daf3d66e_z.jpg
Rhamnus californica,rhamnus californica,sochalambot,CC BY-NC 4.0,https://www.inaturalist.org/observations/48084663,https://inaturalist-open-data.s3.amazonaws.com/photos/76279812/medium.jpg
Rhapidophyllum hystrix,rhapidophyllum hystrix,kommissar,CC BY-NC 4.0,https://www.inaturalist.org/observations/10915496,https://inaturalist-open-data.s3.amazonaws.com/photos/15347978/medium.jpg
Rhododendron maximum,rhododendron maximum,Randy Bodkins,CC BY-NC 4.0,https://www.inaturalist.org/observations/298571672,https://inaturalist-open-data.s3.amazonaws.com/photos/537821595/medium.jpg
Rhus aromatica,rhus aromatica,Matt Webb,CC BY-NC 4.0,https://www.inaturalist.org/observations/128794956,https://inaturalist-open-data.s3.amazonaws.com/photos/218800459/medium.jpeg
Rhus glabra,Rhus glabra (2013).,Radu Chibzii,CC BY-SA 2.0,https://www.flickr.com/photos/55705092@N02/36814363005,https://live.staticflickr.com/4365/36814363005_b871d781d6_z.jpg
Ribes aureum,Ribes aureum at Ulistac 8086b,JKehoe_Photos,CC BY-ND 2.0,https://www.flickr.com/photos/31878558@N05/49480068977,https://live.staticflickr.com/65535/49480068977_80c47d18a5_z.jpg
Ribes malvaceum,ribes malvaceum,Aaron H,CC0,https://www.inaturalist.org/observations/150633905,https://inaturalist-open-data.s3.amazonaws.com/photos/259774507/medium.jpeg
Ribes sanguineum,ribes sanguineum,Robyn Worcester,CC BY-NC 4.0,https://www.inaturalist.org/observations/76803081,https://inaturalist-open-data.s3.amazonaws.com/photos/125614245/medium.jpg
Ribes speciosum,ribes speciosum,drubow,CC BY-NC 4.0,https://www.inaturalist.org/observations/229546900,https://inaturalist-open-data.s3.amazonaws.com/photos/407465583/medium.jpg
Rosa blanda,rosa blanda,Bonnie Kinder,CC BY-NC 4.0,https://www.inaturalist.org/observations/81231554,https://inaturalist-open-data.s3.amazonaws.com/photos/133216408/medium.jpeg
Rosa californica,J20160616-0061—Rosa californica—RPBG,John Rusk,CC BY 2.0,https://www.flickr.com/photos/12303842@N00/27253010013,https://live.staticflickr.com/7441/27253010013_2c8622ee01_z.jpg
Rosa carolina,rosa carolina,Tom Norton,CC BY 4.0,https://www.inaturalist.org/observations/28164041,https://inaturalist-open-data.s3.amazonaws.com/photos/43885906/medium.jpeg
Rosa palustris,rosa palustris,axicus,CC BY-NC 4.0,https://www.inaturalist.org/observations/218989090,https://inaturalist-open-data.s3.amazonaws.com/photos/387564883/medium.jpg
Rubus idaeus,rubus idaeus,Stephen B. Brown,CC BY-NC 4.0,https://www.inaturalist.org/observations/301328295,https://inaturalist-open-data.s3.amazonaws.com/photos/542978916/medium.jpg
Rubus occidentalis,rubus occidentalis,Dmitriy Bochkov,CC BY 4.0,https://www.inaturalist.org/observations/126799561,https://inaturalist-open-data.s3.amazonaws.com/photos/215185097/medium.jpg
Rudbeckia fulgida,Rudbeckia fulgida var. deamii,wallygrom,CC BY-SA 2.0,https://www.flickr.com/photos/33037982@N04/28812953763,https://live.staticflickr.com/8323/28812953763_c02af8faf1_z.jpg
Rudbeckia hirta,Sea of Yellow,pstenzel71,CC BY-ND 2.0,https://www.flickr.com/photos/140536892@N06/51416260924,https://live.staticflickr.com/65535/51416260924_0eba1a756c_z.jpg
Rudbeckia laciniata,Cutleaf coneflower,eleanord43,CC BY-NC 2.0,https://www.flickr.com/photos/35626889@N07/20869155414,https://live.staticflickr.com/636/20869155414_0f42bbe3a3_z.jpg
Rudbeckia maxima,rudbeckia maxima,crawfishking,CC BY-NC 4.0,https://www.inaturalist.org/observations/164872832,https://inaturalist-open-data.s3.amazonaws.com/photos/285323914/medium.jpg
Rudbeckia triloba,Rudbeckia triloba,rachelcasonveal,CC0,https://www.flickr.com/photos/189542021@N05/52227746224,https://live.staticflickr.com/65535/52227746224_35691bfab8_z.jpg
Ruellia humilis,Ruellia humilis (Wild Petunia),wallygrom,CC BY-SA 2.0,https://www.flickr.com/photos/33037982@N04/28191294063,https://live.staticflickr.com/8695/28191294063_3dc6048e72_z.jpg
Salix lasiolepis,salix lasiolepis,Joe Paquin,CC BY-NC 4.0,https://www.inaturalist.org/observations/169443499,https://inaturalist-open-data.s3.amazonaws.com/photos/293763593/medium.jpeg
Salix lucida,salix lucida,Ed Alverson,CC BY 4.0,https://www.inaturalist.org/observations/90602411,https://inaturalist-open-data.s3.amazonaws.com/photos/149758832/medium.jpeg
Salix nigra,The Late Fall of 2022; Old Ottawa East Brantwood Park,lezumbalaberenjena,CC BY-NC-ND 2.0,https://www.flickr.com/photos/14020964@N02/52499511124,https://live.staticflickr.com/65535/52499511124_4c83a99fea_z.jpg
Salvia azurea,Salvia azurea,sonnia hill,CC BY 2.0,https://www.flickr.com/photos/18453498@N07/53357527152,https://live.staticflickr.com/65535/53357527152_0d45e0a994_z.jpg
Salvia dorrii,salvia dorrii,Matt Berger,CC BY 4.0,https://www.inaturalist.org/observations/167307676,https://inaturalist-open-data.s3.amazonaws.com/photos/289807724/medium.jpeg
Salvia engelmannii,salvia engelmannii,Matthew Allen,CC BY-NC 4.0,https://www.inaturalist.org/observations/10718656,https://inaturalist-open-data.s3.amazonaws.com/photos/14975052/medium.jpg
Salvia mellifera,salvia mellifera,Mark K. James,CC BY-NC 4.0,https://www.inaturalist.org/observations/148552778,https://inaturalist-open-data.s3.amazonaws.com/photos/255840542/medium.jpg
Salvia sonomensis,salvia sonomensis,solaflora,CC BY-NC 4.0,https://www.inaturalist.org/observations/158160471,https://inaturalist-open-data.s3.amazonaws.com/photos/273402748/medium.jpg
Salvia spathacea,salvia spathacea,L Emard,CC BY-NC-ND 4.0,https://www.inaturalist.org/observations/88219611,https://inaturalist-open-data.s3.amazonaws.com/photos/145531977/medium.png
Sambucus canadensis,Sambucus canadensis () 2019 photo,F. D. Richards,CC BY-SA 2.0,https://www.flickr.com/photos/50697352@N00/48330743807,https://live.staticflickr.com/65535/48330743807_2cb7474322_z.jpg
Sambucus cerulea,sambucus cerulea,kevinhintsa,CC BY-NC 4.0,https://www.inaturalist.org/observations/115851490,https://inaturalist-open-data.s3.amazonaws.com/photos/195531222/medium.jpeg
Sambucus mexicana,starr-090430-6620-Sambucus_nigra-flowering_habit-Kula-Maui,Starr Environmental,CC BY 2.0,https://www.flickr.com/photos/97499887@N06/26451885727,https://live.staticflickr.com/870/26451885727_83de2eac4a_z.jpg
Sambucus nigra,Sambucus nigra,anro0002,CC BY-SA 2.0,https://www.flickr.com/photos/74738817@N07/41638373774,https://live.staticflickr.com/1723/41638373774_f88596cd35_z.jpg
Sanguinaria canadensis,Bloodroot (Sanguinaria canadensis),Distant Hill Gardens and Nature Trail,CC BY-NC-ND 2.0,https://www.flickr.com/photos/59898141@N06/34417689585,https://live.staticflickr.com/4182/34417689585_db700fc614_z.jpg
Sarcobatus vermiculatus,Sarcobatus vermiculatus - greasewood,Matt Lavin,CC BY-SA 2.0,https://www.flickr.com/photos/35478170@N08/52428720925,https://live.staticflickr.com/65535/52428720925_27bfdc8f2b_z.jpg
Sarracenia purpurea,sarracenia purpurea,Rick Nirschl,CC BY-NC 4.0,https://www.inaturalist.org/observations/35714418,https://inaturalist-open-data.s3.amazonaws.com/photos/56349988/medium.jpeg
Satureja douglasii,satureja douglasii,serenadip,CC BY-NC 4.0,https://www.inaturalist.org/observations/217821437,https://inaturalist-open-data.s3.amazonaws.com/photos/385386291/medium.jpg
Saururus cernuus,saururus cernuus,nebulous,CC BY-NC 4.0,https://www.inaturalist.org/observations/85281331,https://inaturalist-open-data.s3.amazonaws.com/photos/140290313/medium.jpg
Schizachyrium scoparium,"150829 172 Battery Park - Gardens of Rememberence, Schizachyrium scoparium 'The Blues' Little Bluestem, Symphyotrichum lateriflorum var. horizontale Calico Aster",cultivar413,CC BY 2.0,https://www.flickr.com/photos/131880272@N06/21049642138,https://live.staticflickr.com/592/21049642138_0fac0a7150_z.jpg
Scirpus cyperinus,scirpus cyperinus,Becky Dill,CC0,https://www.inaturalist.org/observations/92169830,https://inaturalist-open-data.s3.amazonaws.com/photos/152566782/medium.jpg
Senna covesii,senna covesii,Shawn Zack,CC BY-NC 4.0,https://www.inaturalist.org/observations/135390318,https://inaturalist-open-data.s3.amazonaws.com/photos/230910593/medium.jpeg
Silene regia,Silene regia,peganum,CC BY-SA 2.0,https://www.flickr.com/photos/26698606@N03/50166081407,https://live.staticflickr.com/65535/50166081407_3a6bbef787_z.jpg
Silene stellata,Starry campion (Silene stellata),AussieBotanist,CC BY-NC-SA 2.0,https://www.flickr.com/photos/76276920@N00/19562130681,https://live.staticflickr.com/499/19562130681_e1a884130c_z.jpg
Silphium laciniatum,silphium laciniatum,Nate Martineau,CC BY-NC 4.0,https://www.inaturalist.org/observations/15896880,https://inaturalist-open-data.s3.amazonaws.com/photos/23771974/medium.jpg
Silphium perfoliatum,Cup Plant,pchgorman,CC BY-NC-SA 2.0,https://www.flickr.com/photos/52421717@N00/53101701913,https://live.staticflickr.com/65535/53101701913_d7c54b9210_z.jpg
Silphium terebinthinaceum,Silphium terebinthinaceum,peganum,CC BY-SA 2.0,https://www.flickr.com/photos/26698606@N03/29957931556,https://live.staticflickr.com/5818/29957931556_8c3ffeefa0_z.jpg
Sisyrinchium angustifolium,"Blue-eyed Grass, Sisyrinchium angustifolium",Gardening Solutions,CC BY-NC 2.0,https://www.flickr.com/photos/9093880@N03/25685130834,https://live.staticflickr.com/1682/25685130834_6a8a3ed453_z.jpg
Smilacina racemosa,Maianthemum racemosum - false solomon's seal,Nick Turland,CC BY-NC-ND 2.0,https://www.flickr.com/photos/68039521@N00/33039849540,https://live.staticflickr.com/2812/33039849540_4666f1057c_z.jpg
Smilax rotundifolia,smilax rotundifolia,Jenny M.,CC BY-NC 4.0,https://www.inaturalist.org/observations/157648834,https://inaturalist-open-data.s3.amazonaws.com/photos/272543521/medium.jpg
Solidago altissima,Late goldenrod (Solidago altissima),harum.koh,CC BY-SA 2.0,https://www.flickr.com/photos/89279812@N07/22116876559,https://live.staticflickr.com/5697/22116876559_238bb13a66_z.jpg
Solidago caesia,"New England native garden, blue steam goldenrod, solidago caesia",sapienssolutions,CC BY 2.0,https://www.flickr.com/photos/16278399@N00/44177953280,https://live.staticflickr.com/4820/44177953280_ecf2deff4c_z.jpg
Solidago californica,solidago californica,Sing to the Mountain Studio,CC BY-NC 4.0,https://www.inaturalist.org/observations/238632450,https://inaturalist-open-data.s3.amazonaws.com/photos/424973263/medium.jpeg
Solidago fistulosa,solidago fistulosa,Sam,CC BY-NC 4.0,https://www.inaturalist.org/observations/135606694,https://inaturalist-open-data.s3.amazonaws.com/photos/231313503/medium.jpg
Solidago flexicaulis,Solidago flexicaulis inflorescences,dogtooth77,CC BY-NC-SA 2.0,https://www.flickr.com/photos/53817483@N00/48806107038,https://live.staticflickr.com/65535/48806107038_c0f6a1dffb_z.jpg
Solidago gigantea,"20200816 082 Haarle, Late guldenroede - Solidago gigantea",Jac. Janssen,CC BY 2.0,https://www.flickr.com/photos/78782622@N03/50244668648,https://live.staticflickr.com/65535/50244668648_9ac3f5ab29_z.jpg
Solidago nemoralis,Gray Goldenrod (Solidago nemoralis),wackybadger,CC BY-SA 2.0,https://www.flickr.com/photos/8584048@N05/29560836086,https://live.staticflickr.com/8440/29560836086_716ec17be5_z.jpg
Solidago rigida,Stiff Goldenrod,nickavarvel,CC BY 2.0,https://www.flickr.com/photos/156513724@N05/26248020699,https://live.staticflickr.com/4508/26248020699_1b773c1bae_z.jpg
Solidago rugosa,Solidago rugosa_,dogtooth77,CC BY-NC-SA 2.0,https://www.flickr.com/photos/53817483@N00/20317153513,https://live.staticflickr.com/5690/20317153513_bd15405113_z.jpg
Solidago sempervirens,solidago sempervirens,Tom Norton,CC BY 4.0,https://www.inaturalist.org/observations/136018915,https://inaturalist-open-data.s3.amazonaws.com/photos/232084681/medium.jpeg
Solidago speciosa,Monarch on Showy Goldenrod,pchgorman,CC BY-NC-SA 2.0,https://www.flickr.com/photos/52421717@N00/29801952435,https://live.staticflickr.com/8530/29801952435_d5f564e021_z.jpg
Solidago ulmifolia,Elm-leaved Goldenrod (Solidago ulmifolia),wackybadger,CC BY-SA 2.0,https://www.flickr.com/photos/8584048@N05/21549340771,https://live.staticflickr.com/591/21549340771_4bcb8a2d8d_z.jpg
Sophora chrysophylla,sophora chrysophylla,patrick vant,CC BY-NC 4.0,https://www.inaturalist.org/observations/293217544,https://inaturalist-open-data.s3.amazonaws.com/photos/527738234/medium.jpg
Sorbus sitchensis,sorbus sitchensis,Quirien Mulder ten Kate,CC BY-NC 4.0,https://www.inaturalist.org/observations/302530725,https://inaturalist-open-data.s3.amazonaws.com/photos/545227268/medium.jpg
Sorghastrum nutans,Sorghastrum nutans,dogtooth77,CC BY-NC-SA 2.0,https://www.flickr.com/photos/53817483@N00/20638295894,https://live.staticflickr.com/5771/20638295894_89cb83cb4e_z.jpg
Spartina alterniflora,spartina alterniflora,brainycoral,CC BY-NC 4.0,https://www.inaturalist.org/observations/109564740,https://inaturalist-open-data.s3.amazonaws.com/photos/184684782/medium.jpeg
Spiraea alba,spiraea alba,Susan Berry,CC0,https://www.inaturalist.org/observations/54326829,https://inaturalist-open-data.s3.amazonaws.com/photos/86437601/medium.jpeg
Sporobolus heterolepis,Sporobolus heterolepis,PA Natural Heritage Program,CC BY-NC-SA 2.0,https://www.flickr.com/photos/143646335@N04/28705471591,https://live.staticflickr.com/8748/28705471591_b87e1fe40f_z.jpg
Stokesia laevis,Stoke's Aster - Stokesia laevis 'Peachie's Pick' 110730,cultivar413,CC BY 2.0,https://www.flickr.com/photos/131880272@N06/21989501270,https://live.staticflickr.com/621/21989501270_9e46d4ed63_z.jpg
Stylophorum diphyllum,celandine-poppy (Stylophorum diphyllum),tsoleau,CC BY-NC-ND 2.0,https://www.flickr.com/photos/23535767@N04/17394966008,https://live.staticflickr.com/7673/17394966008_1402a0dd31_z.jpg
Symphoricarpos albus,symphoricarpos albus,auroresimon,CC BY-NC 4.0,https://www.inaturalist.org/observations/100597695,https://inaturalist-open-data.s3.amazonaws.com/photos/167920675/medium.jpeg
Symphyotrichum chilense,symphyotrichum chilense,Erica Fleniken,CC BY-NC 4.0,https://www.inaturalist.org/observations/68019879,https://inaturalist-open-data.s3.amazonaws.com/photos/110043076/medium.jpg
Symphyotrichum cordifolium,Symphyotrichum cordifolium - Asteraceae,Kerry D Woods,CC BY-NC-ND 2.0,https://www.flickr.com/photos/93854456@N03/30552997143,https://live.staticflickr.com/5469/30552997143_ceba750415_z.jpg
Symphyotrichum ericoides,symphyotrichum ericoides,William Van Hemessen,CC BY-NC 4.0,https://www.inaturalist.org/observations/137207102,https://inaturalist-open-data.s3.amazonaws.com/photos/234287451/medium.jpeg
Symphyotrichum laeve,Symphyotrichum laeve 1,wundoroo,CC BY-NC-SA 2.0,https://www.flickr.com/photos/12929431@N07/36986360124,https://live.staticflickr.com/4494/36986360124_18f3bdf7f9_z.jpg
Symphyotrichum lanceolatum,symphyotrichum lanceolatum,Sandy Wolkenberg,CC BY 4.0,https://www.inaturalist.org/observations/185220684,https://inaturalist-open-data.s3.amazonaws.com/photos/323447127/medium.jpg
Symphyotrichum lateriflorum,Symphyotrichum lateriflorum - Asteraceae,Kerry D Woods,CC BY-NC-ND 2.0,https://www.flickr.com/photos/93854456@N03/38747472324,https://live.staticflickr.com/4692/38747472324_d3461784eb_z.jpg
Symphyotrichum novae,"Au jardin, les fleurs de l'automne, asters de Nouvelle-Angleterre (Symphyotrichum novae-angliae), Bosdarros, Béarn, Pyrénées Atlantiques, Nouvelle-Aquitaine, France.",byb64,CC BY-NC-SA 2.0,https://www.flickr.com/photos/50879678@N03/50378317213,https://live.staticflickr.com/65535/50378317213_f923a6f9c7_z.jpg
Symphyotrichum oblongifolium,Symphyotrichum oblongifolium 01,Scott Zona,CC BY-NC 2.0,https://www.flickr.com/photos/12017190@N06/51593385745,https://live.staticflickr.com/65535/51593385745_98503c941d_z.jpg
Symphyotrichum patens,symphyotrichum patens,Michael J. Papay,CC BY 4.0,https://www.inaturalist.org/observations/98273007,https://inaturalist-open-data.s3.amazonaws.com/photos/163581688/medium.jpg
Symphyotrichum puniceum,Symphyotrichum puniceum (Purple-stemmed American Aster),Arthur Chapman,CC BY-NC 2.0,https://www.flickr.com/photos/32005048@N06/23889314067,https://live.staticflickr.com/4580/23889314067_535a78f60c_z.jpg
Symphyotrichum shortii,symphyotrichum shortii,,CC BY-NC 4.0,https://www.inaturalist.org/observations/96173405,https://inaturalist-open-data.s3.amazonaws.com/photos/159741062/medium.jpg
Tabebuia heterophylla,starr-060928-0508-Tabebuia_heterophylla-habit-Makawao_Veterinary_Clinic-Maui,Starr Environmental,CC BY 2.0,https://www.flickr.com/photos/97499887@N06/24773198151,https://live.staticflickr.com/1658/24773198151_b3273a2910_z.jpg
Taxodium distichum,taxodium distichum,Kent C. Jensen,CC BY-NC 4.0,https://www.inaturalist.org/observations/4157803,https://inaturalist-open-data.s3.amazonaws.com/photos/4952183/medium.jpeg
Thalictrum dasycarpum,thalictrum dasycarpum,William Van Hemessen,CC BY-NC 4.0,https://www.inaturalist.org/observations/28680344,https://inaturalist-open-data.s3.amazonaws.com/photos/44723671/medium.jpeg
Thalictrum dioicum,Early Meadow Rue (Thalictrum dioicum),wackybadger,CC BY-SA 2.0,https://www.flickr.com/photos/8584048@N05/24184892369,https://live.staticflickr.com/1665/24184892369_96d73375fa_z.jpg
Thelypteris palustris,Thelypteris palustris,dogtooth77,CC BY-NC-SA 2.0,https://www.flickr.com/photos/53817483@N00/18197243043,https://live.staticflickr.com/5520/18197243043_18a44cd476_z.jpg
Thermopsis divaricarpa,thermopsis divaricarpa,Jess Till,CC BY-NC 4.0,https://www.inaturalist.org/observations/1474701,https://inaturalist-open-data.s3.amazonaws.com/photos/1828337/medium.jpg
Tiarella cordifolia,"160430 072 The High Line - Phlox divaricata 'Blue Moon', Tiarella cordifolia Foam Flower, Heuchera 'Frosted Violet'",cultivar413,CC BY 2.0,https://www.flickr.com/photos/131880272@N06/26785388016,https://live.staticflickr.com/7355/26785388016_620f1d71ce_z.jpg
Tilia americana,tilia americana,Erik Danielsen,CC BY-NC 4.0,https://www.inaturalist.org/observations/83955385,https://inaturalist-open-data.s3.amazonaws.com/photos/137925682/medium.jpg
Tillandsia usneoides,tillandsia usneoides,cbean,CC BY-NC 4.0,https://www.inaturalist.org/observations/3815929,https://inaturalist-open-data.s3.amazonaws.com/photos/4460906/medium.jpg
Tradescantia ohiensis,Bluejacket aka Ohio Spiderwort (Tradescantia ohiensis),marknenadov,CC BY 2.0,https://www.flickr.com/photos/34157166@N08/34334657424,https://live.staticflickr.com/4271/34334657424_885d6e36c9_z.jpg
Tradescantia virginiana,Virginia spiderwort,Mike Shell,CC BY-NC-ND 2.0,https://www.flickr.com/photos/10783206@N03/52952925355,https://live.staticflickr.com/65535/52952925355_cffcbce9d5_z.jpg
Trillium cuneatum,trillium cuneatum,Joseph Felts,CC BY 4.0,https://www.inaturalist.org/observations/28139522,https://inaturalist-open-data.s3.amazonaws.com/photos/43843426/medium.jpg
Trillium grandiflorum,Trillium Grandiflorum. White Wake Robin.,Melinda Young Stuart,CC BY-NC-ND 2.0,https://www.flickr.com/photos/92033577@N00/33289879572,https://live.staticflickr.com/3765/33289879572_843ea36e1f_z.jpg
Tsuga canadensis,tsuga canadensis,Adam Gordon,CC BY-NC-ND 4.0,https://www.inaturalist.org/observations/241181058,https://inaturalist-open-data.s3.amazonaws.com/photos/429800344/medium.jpg
Tsuga heterophylla,tsuga heterophylla,Jacqueline Weber,CC BY-NC 4.0,https://www.inaturalist.org/observations/148147439,https://inaturalist-open-data.s3.amazonaws.com/photos/255060630/medium.jpg
Ulmus americana,ulmus americana,Michael Kondratowicz,CC BY-NC 4.0,https://www.inaturalist.org/observations/315290575,https://inaturalist-open-data.s3.amazonaws.com/photos/569555884/medium.jpg
Ulmus crassifolia,ulmus crassifolia,Ron Stephens,CC BY-NC 4.0,https://www.inaturalist.org/observations/81020581,https://inaturalist-open-data.s3.amazonaws.com/photos/132847221/medium.jpeg
Umbellularia californica,umbellularia californica,Liam O'Brien,CC BY-NC 4.0,https://www.inaturalist.org/observations/2818330,https://inaturalist-open-data.s3.amazonaws.com/photos/3205197/medium.jpg
Uvularia grandiflora,Largeflower bellwort (Uvularia grandiflora),Where Are The Hikers?,CC BY 2.0,https://www.flickr.com/photos/163203949@N02/46029034614,https://live.staticflickr.com/4863/46029034614_3573ac5b3e_z.jpg
Uvularia perfoliata,uvularia perfoliata,martharosetta,CC BY-NC 4.0,https://www.inaturalist.org/observations/116228815,https://inaturalist-open-data.s3.amazonaws.com/photos/196176989/medium.jpg
Uvularia sessilifolia,uvularia sessilifolia,Stuart Tingley,CC BY-NC 4.0,https://www.inaturalist.org/observations/79222908,https://inaturalist-open-data.s3.amazonaws.com/photos/129741013/medium.jpeg
Vaccinium alaskaense,vaccinium alaskaense,Bentley Colwill,CC BY-NC 4.0,https://www.inaturalist.org/observations/216956259,https://inaturalist-open-data.s3.amazonaws.com/photos/383749997/medium.jpeg
Vaccinium angustifolium,vaccinium angustifolium,Laéla Lephore,CC BY-NC 4.0,https://www.inaturalist.org/observations/98909874,https://inaturalist-open-data.s3.amazonaws.com/photos/164782813/medium.jpg
Vaccinium arboreum,vaccinium arboreum,plectrudis,CC BY-NC 4.0,https://www.inaturalist.org/observations/4212223,https://inaturalist-open-data.s3.amazonaws.com/photos/5024564/medium.jpg
Vaccinium corymbosum,Vaccinium corymbosum (Highbush Blueberry),Plant Image Library,CC BY-SA 2.0,https://www.flickr.com/photos/138014579@N08/36611026286,https://live.staticflickr.com/4440/36611026286_7e1d832419_z.jpg
Vaccinium ovalifolium,vaccinium ovalifolium,markham_maguire,CC BY-NC 4.0,https://www.inaturalist.org/observations/35965786,https://inaturalist-open-data.s3.amazonaws.com/photos/56784658/medium.jpg
Vaccinium ovatum,vaccinium ovatum,majamaj,CC BY-NC 4.0,https://www.inaturalist.org/observations/25858226,https://inaturalist-open-data.s3.amazonaws.com/photos/40098213/medium.jpg
Vaccinium pallidum,vaccinium pallidum,Douglas Goldman,CC BY-SA 4.0,https://www.inaturalist.org/observations/230071243,https://inaturalist-open-data.s3.amazonaws.com/photos/408474436/medium.jpg
Valeriana edulis,valeriana edulis,Terry M,CC BY-NC 4.0,https://www.inaturalist.org/observations/222964670,https://inaturalist-open-data.s3.amazonaws.com/photos/395008770/medium.jpeg
Veratrum viride,Veratrum viride,wanderflechten,CC BY-NC-ND 2.0,https://www.flickr.com/photos/29750062@N06/50098367463,https://live.staticflickr.com/65535/50098367463_83c7c0bb63_z.jpg
Verbena hastata,Verbena hastata - blue vervain,Matt Lavin,CC BY-SA 2.0,https://www.flickr.com/photos/35478170@N08/51339594754,https://live.staticflickr.com/65535/51339594754_e357bbc507_z.jpg
Verbesina alternifolia,Wingstem Flowers,matthewbeziat,CC BY-NC 2.0,https://www.flickr.com/photos/109690096@N08/26619690778,https://live.staticflickr.com/4713/26619690778_25e6aaae46_z.jpg
Verbesina occidentalis,verbesina occidentalis,Julie Hall,CC BY-NC 4.0,https://www.inaturalist.org/observations/97456754,https://inaturalist-open-data.s3.amazonaws.com/photos/162254279/medium.jpg
Vernonia baldwinii,vernonia baldwinii,jodi_renee,CC BY-NC 4.0,https://www.inaturalist.org/observations/135119632,https://inaturalist-open-data.s3.amazonaws.com/photos/230418569/medium.jpg
Vernonia gigantea,Purple upon pond,Thomas Cizauskas,CC BY-NC-ND 2.0,https://www.flickr.com/photos/75714412@N00/50319863018,https://live.staticflickr.com/65535/50319863018_cbb73c8c84_z.jpg
Vernonia noveboracensis,Vernonia noveboracensis,dogtooth77,CC BY-NC-SA 2.0,https://www.flickr.com/photos/53817483@N00/20750134400,https://live.staticflickr.com/5833/20750134400_39800ddb8b_z.jpg
Veronicastrum virginicum,"160629 098 High Line - Panicum virgatum ‘Heiliger Hain’, Veronicastrum virginicum Culver's Root, Rudbeckia subtomentosa",cultivar413,CC BY 2.0,https://www.flickr.com/photos/131880272@N06/27966516181,https://live.staticflickr.com/7382/27966516181_1010d89e79_z.jpg
Viburnum acerifolium,viburnum acerifolium,abelkinser,CC BY-NC 4.0,https://www.inaturalist.org/observations/46070399,https://inaturalist-open-data.s3.amazonaws.com/photos/73073091/medium.jpg
Viburnum dentatum,"Viburnum dentatum 'Ralph Senior', 2017, Autumn Jazz [Arrowwood Viburnum]",F. D. Richards,CC BY-SA 2.0,https://www.flickr.com/photos/50697352@N00/34979796312,https://live.staticflickr.com/4273/34979796312_29f8b91891_z.jpg
Viburnum lentago,160430 070 The High Line - Viburnum lentago Nannyberry,cultivar413,CC BY 2.0,https://www.flickr.com/photos/131880272@N06/26785389026,https://live.staticflickr.com/7676/26785389026_4d9eb4bc37_z.jpg
Viburnum obovatum,viburnum obovatum,Cin-Ty Lee,CC BY-NC 4.0,https://www.inaturalist.org/observations/106261280,https://inaturalist-open-data.s3.amazonaws.com/photos/178476042/medium.jpg
Viburnum prunifolium,Blackhaw,treegrow,CC BY 2.0,https://www.flickr.com/photos/86548370@N00/34086388245,https://live.staticflickr.com/2924/34086388245_9587f7eb42_z.jpg
Viola canadensis,Viola canadensis (tall white violet),tgpotterfield,CC BY-NC-SA 2.0,https://www.flickr.com/photos/55770627@N04/28038412955,https://live.staticflickr.com/7343/28038412955_252d6015f3_z.jpg
Viola cucullata,CAC024503a,jerryoldenettel,CC BY-NC-SA 2.0,https://www.flickr.com/photos/7457894@N04/22524035327,https://live.staticflickr.com/5699/22524035327_d57dee67e5_z.jpg
Viola labradorica,"Viola labradorica (American dog violet, Labrador violet), Killingly, CT",Doug_McGrady,CC BY 2.0,https://www.flickr.com/photos/150919437@N06/34246039130,https://live.staticflickr.com/4180/34246039130_9fe9359766_z.jpg
Viola palmata,Prairie Violet (Viola palmata var. pedatifida),Brett Whaley,CC BY-NC 2.0,https://www.flickr.com/photos/21920030@N02/52898540054,https://live.staticflickr.com/65535/52898540054_b4cbc13028_z.jpg
Viola pedata,Bird's-(foot)-eye View (Viola pedata),wackybadger,CC BY-SA 2.0,https://www.flickr.com/photos/8584048@N05/22663139148,https://live.staticflickr.com/5830/22663139148_a89c020662_z.jpg
Viola pubescens,viola pubescens,cgbb2004,CC BY-NC 4.0,https://www.inaturalist.org/observations/217047980,https://inaturalist-open-data.s3.amazonaws.com/photos/383926769/medium.jpg
Viola sororia,Viola sororia 01,Scott Zona,CC BY-NC 2.0,https://www.flickr.com/photos/12017190@N06/49634811778,https://live.staticflickr.com/65535/49634811778_c94f824def_z.jpg
Yucca angustissima,yucca angustissima,sandor_in,CC BY-NC 4.0,https://www.inaturalist.org/observations/48603298,https://inaturalist-open-data.s3.amazonaws.com/photos/77127160/medium.jpg
Yucca filamentosa,yucca filamentosa,Conway Hawn,CC BY 4.0,https://www.inaturalist.org/observations/27024688,https://inaturalist-open-data.s3.amazonaws.com/photos/42004282/medium.jpg
Yucca glauca,yucca glauca,Jason Headley,CC BY-NC 4.0,https://www.inaturalist.org/observations/45282663,https://inaturalist-open-data.s3.amazonaws.com/photos/71794331/medium.jpg
Yucca madrensis,yucca madrensis,esophiea,CC BY-NC 4.0,https://www.inaturalist.org/observations/304120717,https://inaturalist-open-data.s3.amazonaws.com/photos/548215072/medium.jpg
Yucca schidigera,yucca schidigera,Jim Boone,CC BY-NC 4.0,https://www.inaturalist.org/observations/146368961,https://inaturalist-open-data.s3.amazonaws.com/photos/251626893/medium.jpg
Zauschneria cana,zauschneria cana,Jeff Bisbee,CC BY-NC 4.0,https://www.inaturalist.org/observations/237787684,https://inaturalist-open-data.s3.amazonaws.com/photos/423242718/medium.jpeg
Zephyranthes drummondii,zephyranthes drummondii,jeanetx,CC0,https://www.inaturalist.org/observations/77853967,https://inaturalist-open-data.s3.amazonaws.com/photos/127359159/medium.jpeg
Zizania aquatica,zizania aquatica,Alan Wells,CC BY-NC 4.0,https://www.inaturalist.org/observations/135808196,https://inaturalist-open-data.s3.amazonaws.com/photos/231688867/medium.jpg
Zizia aptera,Zizia aptera blossoms,dogtooth77,CC BY-NC-SA 2.0,https://www.flickr.com/photos/53817483@N00/51264055527,https://live.staticflickr.com/65535/51264055527_11ee63d762_z.jpg
Zizia aurea,Common Golden Alexanders (Zizia aurea),wackybadger,CC BY-SA 2.0,https://www.flickr.com/photos/8584048@N05/22541496367,https://live.staticflickr.com/729/22541496367_293236d6a6_z.jpg
Zizia trifoliata,zizia trifoliata,Annkatrin Rose,CC BY-NC 4.0,https://www.inaturalist.org/observations/77806600,https://inaturalist-open-data.s3.amazonaws.com/photos/127273669/medium.jpg
