scientific_name,common_name,full_shade,part_shade,full_sun,low_moisture,medium_moisture,high_moisture,bloom,height,width,habits,pollinator_rating,bird_rating,spread_rating,deer_resistance_rating,moisture_source,moisture_source_detail,shade_source,shade_source_detail,habit_source,habit_source_detail,usda_source,wiki_source,wildflower_source
Acacia farnesiana,,,,,,,,,,,,,,,,,,,,,,,,
Acacia greggii,,,,,,,,,,,,,,,,,,,,,,,,
Acacia koa,,,,,,,,,,,,,,,,,,,,,,,,
Acer circinatum,,,,,,,,,,,,,,,,,,,,,,,,
Acer glabrum,,,,,,,,,,,,,,,,,,,,,,,,
Acer grandidentatum,,,,,,,,,,,,,,,,,,,,,,,,
Acer macrophyllum,,,,,,,,,,,,,,,,,,,,,,,,
Acer negundo,,,,,,,,,,,,,,,,,,,,,,,,
Acer rubrum,,,,,,,,,,,,,,,,,,,,,,,,
Acer saccharinum,,,,,,,,,,,,,,,,,,,,,,,,
Acer saccharum,,,,,,,,,,,,,,,,,,,,,,,,
Achillea lanulosa,,,,,,,,,,,,,,,,,,,,,,,,
Achillea millefolium,,,,,,,,,,,,,,,,,,,,,,,,
Achlys triphylla,,,,,,,,,,,,,,,,,,,,,,,,
Actaea pachypoda,,,,,,,,,,,,,,,,,,,,,,,,
Actaea racemosa,,,,,,,,,,,,,,,,,,,,,,,,
Actaea rubra,,,,,,,,,,,,,,,,,,,,,,,,
Adenophorus periens,,,,,,,,,,,,,,,,,,,,,,,,
Adenostoma fasciculatum,,,,,,,,,,,,,,,,,,,,,,,,
Adenostoma sparsifolium,,,,,,,,,,,,,,,,,,,,,,,,
Adiantum aleuticum,,,,,,,,,,,,,,,,,,,,,,,,
Adiantum capillus-veneris,,,,,,,,,,,,,,,,,,,,,,,,
Adiantum jordanii,,,,,,,,,,,,,,,,,,,,,,,,
Adiantum pedatum,,,,,,,,,,,,,,,,,,,,,,,,
Aesculus californica,,,,,,,,,,,,,,,,,,,,,,,,
Aesculus flava,,,,,,,,,,,,,,,,,,,,,,,,
Aesculus glabra,,,,,,,,,,,,,,,,,,,,,,,,
Aesculus pavia,,,,,,,,,,,,,,,,,,,,,,,,
Agalinis edwardsiana,,,,,,,,,,,,,,,,,,,,,,,,
Agalinis heterophylla,,,,,,,,,,,,,,,,,,,,,,,,
Agalinis purpurea,,,,,,,,,,,,,,,,,,,,,,,,
Agastache cana,,,,,,,,,,,,,,,,,,,,,,,,
Agastache foeniculum,,,,,,,,,,,,,,,,,,,,,,,,
Agastache rupestris,,,,,,,,,,,,,,,,,,,,,,,,
Agastache urticifolia,,,,,,,,,,,,,,,,,,,,,,,,
Agave americana,,,,,,,,,,,,,,,,,,,,,,,,
Agave chrysantha,,,,,,,,,,,,,,,,,,,,,,,,
Agave deserti,,,,,,,,,,,,,,,,,,,,,,,,
Agave havardiana,,,,,,,,,,,,,,,,,,,,,,,,
Agave lechuguilla,,,,,,,,,,,,,,,,,,,,,,,,
Agave palmeri,,,,,,,,,,,,,,,,,,,,,,,,
Agave parryi,,,,,,,,,,,,,,,,,,,,,,,,
Agave parviflora,,,,,,,,,,,,,,,,,,,,,,,,
Agave schottii,,,,,,,,,,,,,,,,,,,,,,,,
Agave shawii,,,,,,,,,,,,,,,,,,,,,,,,
Agave toumeyana,,,,,,,,,,,,,,,,,,,,,,,,
Agave utahensis,,,,,,,,,,,,,,,,,,,,,,,,
Ageratina altissima,,,,,,,,,,,,,,,,,,,,,,,,
Ageratina jucunda,,,,,,,,,,,,,,,,,,,,,,,,
Agoseris grandiflora,,,,,,,,,,,,,,,,,,,,,,,,
Agropyron smithii,,,,,,,,,,,,,,,,,,,,,,,,
Allium cernuum,,,,,,,,,,,,,,,,,,,,,,,,
Allium unifolium,,,,,,,,,,,,,,,,,,,,,,,,
Alnus incana,,,,,,,,,,,,,,,,,,,,,,,,
Alnus oblongifolia,,,,,,,,,,,,,,,,,,,,,,,,
Alnus rhombifolia,,,,,,,,,,,,,,,,,,,,,,,,
Alnus rubra,,,,,,,,,,,,,,,,,,,,,,,,
Alnus viridis,,,,,,,,,,,,,,,,,,,,,,,,
Aloysia gratissima,,,,,,,,,,,,,,,,,,,,,,,,
Aloysia wrightii,,,,,,,,,,,,,,,,,,,,,,,,
Amelanchier alnifolia,,,,,,,,,,,,,,,,,,,,,,,,
Amelanchier arborea,,,,,,,,,,,,,,,,,,,,,,,,
Amelanchier canadensis,,,,,,,,,,,,,,,,,,,,,,,,
Amelanchier laevis,,,,,,,,,,,,,,5,,,,,,,,,,
Amelanchier spicata,,,,,,,,,,,,,,,,,,,,,,,,
Amelanchier utahensis,,,,,,,,,,,,,,,,,,,,,,,,
Amorpha canescens,,,,,,,,,,,,,,,,,,,,,,,,
Amorpha fruticosa,,,,,,,,,,,,,,,,,,,,,,,,
Amsonia ciliata,,,,,,,,,,,,,,,,,,,,,,,,
Amsonia hubrichtii,,,,,,,,,,,,,,,,,,,,,,,,
Amsonia tabernaemontana,,,,,,,,,,,,,,,,,,,,,,,,
Amyris elemifera,,,,,,,,,,,,,,,,,,,,,,,,
Anaphalis margaritacea,,,,,,,,,,,,,,,,,,,,,,,,
Andropogon gerardii,,,,,,,,,,,,,,,,,,,,,,,,
Andropogon glomeratus,,,,,,,,,,,,,,,,,,,,,,,,
Andropogon virginicus,,,,,,,,,,,,,,,,,,,,,,,,
Anemone multifida,,,,,,,,,,,,,,,,,,,,,,,,
Anemone oregana,,,,,,,,,,,,,,,,,,,,,,,,
Angelica lucida,,,,,,,,,,,,,,,,,,,,,,,,
Anisacanthus thurberi,,,,,,,,,,,,,,,,,,,,,,,,
Antennaria neglecta,,,,,,,,,,,,,,,,,,,,,,,,
Antennaria parvifolia,,,,,,,,,,,,,,,,,,,,,,,,
Antennaria plantaginifolia,,,,,,,,,,,,,,,,,,,,,,,,
Antennaria rosea,,,,,,,,,,,,,,,,,,,,,,,,
Aquilegia caerulea,,,,,,,,,,,,,,,,,,,,,,,,
Aquilegia canadensis,,,,,,,,,,,,,,,,,,,,,,,,
Aquilegia chrysantha,,,,,,,,,,,,,,,,,,,,,,,,
Aquilegia coerulea,,,,,,,,,,,,,,,,,,,,,,,,
Aquilegia elegantula,,,,,,,,,,,,,,,,,,,,,,,,
Aquilegia flavescens,,,,,,,,,,,,,,,,,,,,,,,,
Aquilegia formosa,,,,,,,,,,,,,,,,,,,,,,,,
Aquilegia pubescens,,,,,,,,,,,,,,,,,,,,,,,,
Aquilegia saximontana,,,,,,,,,,,,,,,,,,,,,,,,
Aralia nudicaulis,,,,,,,,,,,,,,,,,,,,,,,,
Aralia racemosa,,,,,,,,,,,,,,,,,,,,,,,,
Arbutus menziesii,,,,,,,,,,,,,,,,,,,,,,,,
Arctostaphylos densiflora,,,,,,,,,,,,,,,,,,,,,,,,
Arctostaphylos glauca,,,,,,,,,,,,,,,,,,,,,,,,
Arctostaphylos manzanita,,,,,,,,,,,,,,,,,,,,,,,,
Arctostaphylos pajaroensis,,,,,,,,,,,,,,,,,,,,,,,,
Arctostaphylos patula,,,,,,,,,,,,,,,,,,,,,,,,
Arctostaphylos pungens,,,,,,,,,,,,,,,,,,,,,,,,
Arctostaphylos uva-ursi,,,,,,,,,,,,,,,,,,,,,,,,
Arctostaphylos viscida,,,,,,,,,,,,,,,,,,,,,,,,
Arisaema dracontium,,,,,,,,,,,,,,,,,,,,,,,,
Arisaema triphyllum,,,,,,,,,,,,,,,,,,,,,,,,
Aristida purpurea,,,,,,,,,,,,,,,,,,,,,,,,
Aristida stricta,,,,,,,,,,,,,,,,,,,,,,,,
Armeria maritima,,,,,,,,,,,,,,,,,,,,,,,,
Arnica cordifolia,,,,,,,,,,,,,,,,,,,,,,,,
Aronia arbutifolia,,,,,,,,,,,,,,,,,,,,,,,,
Aronia melanocarpa,,,,,,,,,,,,,,,,,,,,,,,,
Artemisia californica,,,,,,,,,,,,,,,,,,,,,,,,
Artemisia douglasiana,,,,,,,,,,,,,,,,,,,,,,,,
Artemisia filifolia,,,,,,,,,,,,,,,,,,,,,,,,
Artemisia frigida,,,,,,,,,,,,,,,,,,,,,,,,
Artemisia ludoviciana,,,,,,,,,,,,,,,,,,,,,,,,
Artemisia tridentata,,,,,,,,,,,,,,,,,,,,,,,,
Aruncus dioicus,,,,,,,,,,,,,,,,,,,,,,,,
Asarum canadense,,,,,,,,,,,,,,,,,,,,,,,,
Asarum caudatum,,,,,,,,,,,,,,,,,,,,,,,,
Asclepias amplexicaulis,,,,,,,,,,,,,,,,,,,,,,,,
Asclepias asperula,,,,,,,,,,,,,,,,,,,,,,,,
Asclepias exaltata,,,,,,,,,,,,,,,,,,,,,,,,
Asclepias fascicularis,,,,,,,,,,,,,,,,,,,,,,,,
Asclepias incarnata,,,,,,,,,,,,,,,,,,,,,,,,
Asclepias lanceolata,,,,,,,,,,,,,,,,,,,,,,,,
Asclepias oenotheroides,,,,,,,,,,,,,,,,,,,,,,,,
Asclepias perennis,,,,,,,,,,,,,,,,,,,,,,,,
Asclepias purpurascens,,,,,,,,,,,,,,,,,,,,,,,,
Asclepias speciosa,,,,,,,,,,,,,,,,,,,,,,,,
Asclepias subulata,,,,,,,,,,,,,,,,,,,,,,,,
Asclepias sullivantii,,,,,,,,,,,,,,,,,,,,,,,,
Asclepias syriaca,,,,,,,,,,,,,,,,,,,,,,,,
Asclepias texana,,,,,,,,,,,,,,,,,,,,,,,,
Asclepias tuberosa,,,,,,,,,,,,,,,,,,,,,,,,
Asclepias variegata,,,,,,,,,,,,,,,,,,,,,,,,
Asclepias verticillata,,,,,,,,,,,,,,,,,,,,,,,,
Asclepias viridiflora,,,,,,,,,,,,,,,,,,,,,,,,
Asclepias viridis,,,,,,,,,,,,,,,,,,,,,,,,
Asimina triloba,,,,,,,,,,,,,,,,,,,,,,,,
Asplenium nidus,,,,,,,,,,,,,,,,,,,,,,,,
Asplenium platyneuron,,,,,,,,,,,,,,,,,,,,,,,,
Asplenium polyodon,,,,,,,,,,,,,,,,,,,,,,,,
Asplenium rhizophyllum,,,,,,,,,,,,,,,,,,,,,,,,
Asplenium serratum,,,,,,,,,,,,,,,,,,,,,,,,
Asplenium trichomanes,,,,,,,,,,,,,,,,,,,,,,,,
Aster alpinus,,,,,,,,,,,,,,,,,,,,,,,,
Aster ascendens,,,,,,,,,,,,,,,,,,,,,,,,
Aster chilensis,,,,,,,,,,,,,,,,,,,,,,,,
Aster cordifolius,,,,,,,,,,,,,,,,,,,,,,,,
Aster divaricatus,,,,,,,,,,,,,,,,,,,,,,,,
Aster laevis,,,,,,,,,,,,,,,,,,,,,,,,
Aster modestus,,,,,,,,,,,,,,,,,,,,,,,,
Aster novae-angliae,,,,,,,,,,,,,,,,,,,,,,,,
Aster oblongifolius,,,,,,,,,,,,,,,,,,,,,,,,
Aster umbellatus,,,,,,,,,,,,,,,,,,,,,,,,
Astragalus canadensis,,,,,,,,,,,,,,,,,,,,,,,,
Astragalus missouriensis,,,,,,,,,,,,,,,,,,,,,,,,
Athyrium filix-femina,,,,,,,,,,,,,,,,,,,,,,,,
Atriplex canescens,,,,,,,,,,,,,,,,,,,,,,,,
Atriplex lentiformis,,,,,,,,,,,,,,,,,,,,,,,,
Avicennia germinans,,,,,,,,,,,,,,,,,,,,,,,,
Baccharis pilularis,,,,,,,,,,,,,,,,,,,,,,,,
Baccharis salicifolia,,,,,,,,,,,,,,,,,,,,,,,,
Baccharis sarothroides,,,,,,,,,,,,,,,,,,,,,,,,
Baileya multiradiata,,,,,,,,,,,,,,,,,,,,,,,,
Balsamorhiza sagittata,,,,,,,,,,,,,,,,,,,,,,,,
Baptisia alba,,,,,,,,,,,,,,,,,,,,,,,,
Baptisia australis,,,,,,,,,,,,,,,,,,,,,,,,
Baptisia bracteata,,,,,,,,,,,,,,,,,,,,,,,,
Baptisia tinctoria,,,,,,,,,,,,,,,,,,,,,,,,
Berberis haematocarpa,,,,,,,,,,,,,,,,,,,,,,,,
Berberis repens,,,,,,,,,,,,,,,,,,,,,,,,
Berberis trifoliolata,,,,,,,,,,,,,,,,,,,,,,,,
Berlandiera lyrata,,,,,,,,,,,,,,,,,,,,,,,,
Betula alleghaniensis,,,,,,,,,,,,,,,,,,,,,,,,
Betula lenta,,,,,,,,,,,,,,,,,,,,,,,,
Betula nigra,,,,,,,,,,,,,,,,,,,,,,,,
Betula occidentalis,,,,,,,,,,,,,,,,,,,,,,,,
Betula papyrifera,,,,,,,,,,,,,,,,,,,,,,,,
Bidens alba,,,,,,,,,,,,,,,,,,,,,,,,
Bidens cernua,,,,,,,,,,,,,,,,,,,,,,,,
Bidens micrantha,,,,,,,,,,,,,,,,,,,,,,,,
Blechnum occidentale,,,,,,,,,,,,,,,,,,,,,,,,
Blechnum spicant,,,,,,,,,,,,,,,,,,,,,,,,
Blephilia ciliata,,,,,,,,,,,,,,,,,,,,,,,,
Boehmeria cylindrica,,,,,,,,,,,,,,,,,,,,,,,,
Boltonia asteroides,,,,,,,,,,,,,,,,,,,,,,,,
Bouteloua curtipendula,,,,,,,,,,,,,,,,,,,,,,,,
Bouteloua dactyloides,,,,,,,,,,,,,,,,,,,,,,,,
Bouteloua gracilis,,,,,,,,,,,,,,,,,,,,,,,,
Bouteloua hirsuta,,,,,,,,,,,,,,,,,,,,,,,,
Bouteloua rigidiseta,,,,,,,,,,,,,,,,,,,,,,,,
Bursera simaruba,,,,,,,,,,,,,,,,,,,,,,,,
Calamagrostis canadensis,,,,,,,,,,,,,,,,,,,,,,,,
Calamagrostis foliosa,,,,,,,,,,,,,,,,,,,,,,,,
Calamagrostis rubescens,,,,,,,,,,,,,,,,,,,,,,,,
Calathea lutea,,,,,,,,,,,,,,,,,,,,,,,,
Calliandra conferta,,,,,,,,,,,,,,,,,,,,,,,,
Calliandra eriophylla,,,,,,,,,,,,,,,,,,,,,,,,
Callicarpa americana,,,,,,,,,,,,,,,,,,,,,,,,
Callirhoe involucrata,,,,,,,,,,,,,,,,,,,,,,,,
Callirhoe leiocarpa,,,,,,,,,,,,,,,,,,,,,,,,
Calocedrus decurrens,,,,,,,,,,,,,,,,,,,,,,,,
Calochortus albus,,,,,,,,,,,,,,,,,,,,,,,,
Calochortus bruneaunis,,,,,,,,,,,,,,,,,,,,,,,,
Calochortus leichtlinii,,,,,,,,,,,,,,,,,,,,,,,,
Calochortus luteus,,,,,,,,,,,,,,,,,,,,,,,,
Calochortus nuttallii,,,,,,,,,,,,,,,,,,,,,,,,
Calochortus tolmiei,,,,,,,,,,,,,,,,,,,,,,,,
Caltha biflora,,,,,,,,,,,,,,,,,,,,,,,,
Caltha leptosepala,,,,,,,,,,,,,,,,,,,,,,,,
Caltha palustris,,,,,,,,,,,,,,,,,,,,,,,,
Calycanthus floridus,,,,,,,,,,,,,,,,,,,,,,,,
Calycanthus occidentalis,,,,,,,,,,,,,,,,,,,,,,,,
Calylophus berlandieri,,,,,,,,,,,,,,,,,,,,,,,,
Calylophus hartwegii,,,,,,,,,,,,,,,,,,,,,,,,
Calylophus serrulatus,,,,,,,,,,,,,,,,,,,,,,,,
Calyptranthes pallens,,,,,,,,,,,,,,,,,,,,,,,,
Calystegia macrostegia,,,,,,,,,,,,,,,,,,,,,,,,
Calystegia purpurata,,,,,,,,,,,,,,,,,,,,,,,,
Camassia leichtlinii,,,,,,,,,,,,,,,,,,,,,,,,
Camassia quamash,,,,,,,,,,,,,,,,,,,,,,,,
Campanula americana,,,,,,,,,,,,,,,,,,,,,,,,
Campanula lasiocarpa,,,,,,,,,,,,,,,,,,,,,,,,
Campanula rotundifolia,,,,,,,,,,,,,,,,,,,,,,,,
Canavalia pubescens,,,,,,,,,,,,,,,,,,,,,,,,
Canavalia rosea,,,,,,,,,,,,,,,,,,,,,,,,
Canna flaccida,,,,,,,,,,,,,,,,,,,,,,,,
Carex amphibola,,,,,,,,,,,,,,,,,,,,,,,,
Carex amplifolia,,,,,,,,,,,,,,,,,,,,,,,,
Carex annectens,,,,,,,,,,,,,,,,,,,,,,,,
Carex appalachica,,,,,,,,,,,,,,,,,,,,,,,,
Carex aquatilis,,,,,,,,,,,,,,,,,,,,,,,,
Carex atlantica,,,,,,,,,,,,,,,,,,,,,,,,
Carex bicknellii,,,,,,,,,,,,,,,,,,,,,,,,
Carex blanda,,,,,,,,,,,,,,,,,,,,,,,,
Carex brevior,,,,,,,,,,,,,,,,,,,,,,,,
Carex cherokeensis,,,,,,,,,,,,,,,,,,,,,,,,
Carex comosa,,,,,,,,,,,,,,,,,,,,,,,,
Carex crinita,,,,,,,,,,,,,,,,,,,,,,,,
Carex debilis,,,,,,,,,,,,,,,,,,,,,,,,
Carex deweyana,,,,,,,,,,,,,,,,,,,,,,,,
Carex filifolia,,,,,,,,,,,,,,,,,,,,,,,,
Carex flaccosperma,,,,,,,,,,,,,,,,,,,,,,,,
Carex glaucodea,,,,,,,,,,,,,,,,,,,,,,,,
Carex grayi,,,,,,,,,,,,,,,,,,,,,,,,
Carex hystericina,,,,,,,,,,,,,,,,,,,,,,,,
Carex lacustris,,,,,,,,,,,,,,,,,,,,,,,,
Carex lupulina,,,,,,,,,,,,,,,,,,,,,,,,
Carex lurida,,,,,,,,,,,,,,,,,,,,,,,,
Carex molesta,,,,,,,,,,,,,,,,,,,,,,,,
Carex muskingumensis,,,,,,,,,,,,,,,,,,,,,,,,
Carex normalis,,,,,,,,,,,,,,,,,,,,,,,,
Carex obispoensis,,,,,,,,,,,,,,,,,,,,,,,,
Carex obnupta,,,,,,,,,,,,,,,,,,,,,,,,
Carex pansa,,,,,,,,,,,,,,,,,,,,,,,,
Carex pellita,,,,,,,,,,,,,,,,,,,,,,,,
Carex pensylvanica,,,,,,,,,,,,,,,,,,,,,,,,
Carex plantaginea,,,,,,,,,,,,,,,,,,,,,,,,
Carex praegracilis,,,,,,,,,,,,,,,,,,,,,,,,
Carex radiata,,,,,,,,,,,,,,,,,,,,,,,,
Carex rosea,,,,,,,,,,,,,,,,,,,,,,,,
Carex scoparia,,,,,,,,,,,,,,,,,,,,,,,,
Carex sprengelii,,,,,,,,,,,,,,,,,,,,,,,,
Carex stipata,,,,,,,,,,,,,,,,,,,,,,,,
Carex stricta,,,,,,,,,,,,,,,,,,,,,,,,
Carex texensis,,,,,,,,,,,,,,,,,,,,,,,,
Carex tribuloides,,,,,,,,,,,,,,,,,,,,,,,,
Carex utriculata,,,,,,,,,,,,,,,,,,,,,,,,
Carex vulpinoidea,,,,,,,,,,,,,,,,,,,,,,,,
Carex woodii,,,,,,,,,,,,,,,,,,,,,,,,
Carnegiea gigantea,,,,,,,,,,,,,,,,,,,,,,,,
Carpenteria californica,,,,,,,,,,,,,,,,,,,,,,,,
Carpinus caroliniana,,,,,,,,,,,,,,,,,,,,,,,,
Carya cordiformis,,,,,,,,,,,,,,,,,,,,,,,,
Carya glabra,,,,,,,,,,,,,,,,,,,,,,,,
Carya illinoinensis,,,,,,,,,,,,,,,,,,,,,,,,
Carya laciniosa,,,,,,,,,,,,,,,,,,,,,,,,
Carya ovata,,,,,,,,,,,,,,,,,,,,,,,,
Carya tomentosa,,,,,,,,,,,,,,,,,,,,,,,,
Castanea dentata,,,,,,,,,,,,,,,,,,,,,,,,
Castilleja linariifolia,,,,,,,,,,,,,,,,,,,,,,,,
Castilleja miniata,,,,,,,,,,,,,,,,,,,,,,,,
Catalpa speciosa,,,,,,,,,,,,,,,,,,,,,,,,
Ceanothus americanus,,,,,,,,,,,,,,,,,,,,,,,,
Ceanothus crassifolius,,,,,,,,,,,,,,,,,,,,,,,,
Ceanothus fendleri,,,,,,,,,,,,,,,,,,,,,,,,
Ceanothus gloriosus,,,,,,,,,,,,,,,,,,,,,,,,
Ceanothus greggii,,,,,,,,,,,,,,,,,,,,,,,,
Ceanothus griseus,,,,,,,,,,,,,,,,,,,,,,,,
Ceanothus hearstiorum,,,,,,,,,,,,,,,,,,,,,,,,
Ceanothus megacarpus,,,,,,,,,,,,,,,,,,,,,,,,
Ceanothus oliganthus,,,,,,,,,,,,,,,,,,,,,,,,
Ceanothus thyrsiflorus,,,,,,,,,,,,,,,,,,,,,,,,
Ceanothus velutinus,,,,,,,,,,,,,,,,,,,,,,,,
Celtis laevigata,,,,,,,,,,,,,,,,,,,,,,,,
Celtis occidentalis,,,,,,,,,,,,,,,,,,,,,,,,
Celtis pallida,,,,,,,,,,,,,,,,,,,,,,,,
Celtis reticulata,,,,,,,,,,,,,,,,,,,,,,,,
Cephalanthus occidentalis,,,,,,,,,,,,,,,,,,,,,,,,
Cercidium floridum,,,,,,,,,,,,,,,,,,,,,,,,
Cercidium microphyllum,,,,,,,,,,,,,,,,,,,,,,,,
Cercis canadensis,,,,,,,,,,,,,,,,,,,,,,,,
Cercis occidentalis,,,,,,,,,,,,,,,,,,,,,,,,
Cercocarpus betuloides,,,,,,,,,,,,,,,,,,,,,,,,
Cercocarpus intricatus,,,,,,,,,,,,,,,,,,,,,,,,
Cercocarpus ledifolius,,,,,,,,,,,,,,,,,,,,,,,,
Cercocarpus montanus,,,,,,,,,,,,,,,,,,,,,,,,
Chaenactis glabriuscula,,,,,,,,,,,,,,,,,,,,,,,,
Chamaebatia foliolosa,,,,,,,,,,,,,,,,,,,,,,,,
Chamaecrista fasciculata,,,,,,,,,,,,,,,,,,,,,,,,
Chamaecrista nictitans,,,,,,,,,,,,,,,,,,,,,,,,
Chamaecyparis lawsoniana,,,,,,,,,,,,,,,,,,,,,,,,
Chamaecyparis thyoides,,,,,,,,,,,,,,,,,,,,,,,,
Chamaesyce celastroides,,,,,,,,,,,,,,,,,,,,,,,,
Chamerion angustifolium,,,,,,,,,,,,,,,,,,,,,,,,
Charpentiera densiflora,,,,,,,,,,,,,,,,,,,,,,,,
Charpentiera ovata,,,,,,,,,,,,,,,,,,,,,,,,
Chasmanthium latifolium,,,,,,,,,,,,,,,,,,,,,,,,
Chelone glabra,,,,,,,,,,,,,,,,,,,,,,,,
Chilopsis linearis,,,,,,,,,,,,,,,,,,,,,,,,
Chimaphila maculata,,,,,,,,,,,,,,,,,,,,,,,,
Chimaphila umbellata,,,,,,,,,,,,,,,,,,,,,,,,
Chionanthus virginicus,,,,,,,,,,,,,,,,,,,,,,,,
Chlorogalum pomeridianum,,,,,,,,,,,,,,,,,,,,,,,,
Chrysactinia mexicana,,,,,,,,,,,,,,,,,,,,,,,,
Chrysobalanus icaco,,,,,,,,,,,,,,,,,,,,,,,,
Chrysogonum virginianum,,,,,,,,,,,,,,,,,,,,,,,,
Chrysopsis mariana,,,,,,,,,,,,,,,,,,,,,,,,
Chrysopsis texana,,,,,,,,,,,,,,,,,,,,,,,,
Chrysothamnus nauseosus,,,,,,,,,,,,,,,,,,,,,,,,
Cibotium glaucum,,,,,,,,,,,,,,,,,,,,,,,,
Cimicifuga racemosa,,,,,,,,,,,,,,,,,,,,,,,,
Circaea lutetiana,,,,,,,,,,,,,,,,,,,,,,,,
Cirsium canescens,,,,,,,,,,,,,,,,,,,,,,,,
Cirsium discolor,,,,,,,,,,,,,,,,,,,,,,,,
Cirsium horridulum,,,,,,,,,,,,,,,,,,,,,,,,
Cirsium texanum,,,,,,,,,,,,,,,,,,,,,,,,
Cirsium undulatum,,,,,,,,,,,,,,,,,,,,,,,,
Citharexylum caudatum,,,,,,,,,,,,,,,,,,,,,,,,
Citharexylum spinosum,,,,,,,,,,,,,,,,,,,,,,,,
Cladium jamaicense,,,,,,,,,,,,,,,,,,,,,,,,
Clarkia amoena,,,,,,,,,,,,,,,,,,,,,,,,
Clarkia rubicunda,,,,,,,,,,,,,,,,,,,,,,,,
Clarkia speciosa,,,,,,,,,,,,,,,,,,,,,,,,
Clarkia unguiculata,,,,,,,,,,,,,,,,,,,,,,,,
Claytonia caroliniana,,,,,,,,,,,,,,,,,,,,,,,,
Claytonia lanceolata,,,,,,,,,,,,,,,,,,,,,,,,
Claytonia perfoliata,,,,,,,,,,,,,,,,,,,,,,,,
Claytonia sibirica,,,,,,,,,,,,,,,,,,,,,,,,
Claytonia virginica,,,,,,,,,,,,,,,,,,,,,,,,
Clematis ligusticifolia,,,,,,,,,,,,,,,,,,,,,,,,
Clematis occidentalis,,,,,,,,,,,,,,,,,,,,,,,,
Clematis virginiana,,,,,,,,,,,,,,,,,,,,,,,,
Cleome serrulata,,,,,,,,,,,,,,,,,,,,,,,,
Clermontia lindseyana,,,,,,,,,,,,,,,,,,,,,,,,
Clethra alnifolia,,,,,,,,,,,,,,,,,,,,,,,,
Clintonia borealis,,,,,,,,,,,,,,,,,,,,,,,,
Clintonia uniflora,,,,,,,,,,,,,,,,,,,,,,,,
Clusia rosea,,,,,,,,,,,,,,,,,,,,,,,,
Cnidoscolus texanus,,,,,,,,,,,,,,,,,,,,,,,,
Coccoloba diversifolia,,,,,,,,,,,,,,,,,,,,,,,,
Coccoloba uvifera,,,,,,,,,,,,,,,,,,,,,,,,
Coccothrinax argentata,,,,,,,,,,,,,,,,,,,,,,,,
Collinsia verna,,,,,,,,,,,,,,,,,,,,,,,,
Conoclinium coelestinum,,,,,,,,,,,,,,,,,,,,,,,,
Coprosma ernodeoides,,,,,,,,,,,,,,,,,,,,,,,,
Coptis trifolia,,,,,,,,,,,,,,,,,,,,,,,,
Cordia borinquensis,,,,,,,,,,,,,,,,,,,,,,,,
Coreopsis auriculata,,,,,,,,,,,,,,,,,,,,,,,,
Coreopsis gigantea,,,,,,,,,,,,,,,,,,,,,,,,
Coreopsis grandiflora,,,,,,,,,,,,,,,,,,,,,,,,
Coreopsis lanceolata,,,,,,,,,,,,,,,,,,,,,,,,
Coreopsis leavenworthii,,,,,,,,,,,,,,,,,,,,,,,,
Coreopsis major,,,,,,,,,,,,,,,,,,,,,,,,
Coreopsis palmata,,,,,,,,,,,,,,,,,,,,,,,,
Coreopsis tinctoria,,,,,,,,,,,,,,,,,,,,,,,,
Coreopsis verticillata,,,,,,,,,,,,,,,,,,,,,,,,
Cornus alternifolia,,,,,,,,,,,,,,,,,,,,,,,,
Cornus amomum,,,,,,,,,,,,,,,,,,,,,,,,
Cornus canadensis,,,,,,,,,,,,,,,,,,,,,,,,
Cornus florida,,,,,,,,,,,,,,,,,,,,,,,,
Cornus nuttallii,,,,,,,,,,,,,,,,,,,,,,,,
Cornus racemosa,,,,,,,,,,,,,,,,,,,,,,,,
Cornus sericea,,,,,,,,,,,,,,,,,,,,,,,,
Corydalis sempervirens,,,,,,,,,,,,,,,,,,,,,,,,
Corylus americana,,,,,,,,,,,,,,,,,,,,,,,,
Costus speciosus,,,,,,,,,,,,,,,,,,,,,,,,
Crinum americanum,,,,,,,,,,,,,,,,,,,,,,,,
Crotalaria rotundifolia,,,,,,,,,,,,,,,,,,,,,,,,
Ctenium aromaticum,,,,,,,,,,,,,,,,,,,,,,,,
Cyanea superba,,,,,,,,,,,,,,,,,,,,,,,,
Cylindropuntia acanthocarpa,,,,,,,,,,,,,,,,,,,,,,,,
Cylindropuntia bigelovii,,,,,,,,,,,,,,,,,,,,,,,,
Cylindropuntia imbricata,,,,,,,,,,,,,,,,,,,,,,,,
Cypripedium acaule,,,,,,,,,,,,,,,,,,,,,,,,
Cypripedium montanum,,,,,,,,,,,,,,,,,,,,,,,,
Cypripedium parviflorum,,,,,,,,,,,,,,,,,,,,,,,,
Cyrilla racemiflora,,,,,,,,,,,,,,,,,,,,,,,,
Cyrtandra grayi,,,,,,,,,,,,,,,,,,,,,,,,
Cyrtandra platyphylla,,,,,,,,,,,,,,,,,,,,,,,,
Cyrtopodium punctatum,,,,,,,,,,,,,,,,,,,,,,,,
Dalea formosa,,,,,,,,,,,,,,,,,,,,,,,,
Dalea frutescens,,,,,,,,,,,,,,,,,,,,,,,,
Dalea purpurea,,,,,,,,,,,,,,,,,,,,,,,,
Darmera peltata,,,,,,,,,,,,,,,,,,,,,,,,
Dasiphora fruticosa,,,,,,,,,,,,,,,,,,,,,,,,
Dasylirion leiophyllum,,,,,,,,,,,,,,,,,,,,,,,,
Dasylirion texanum,,,,,,,,,,,,,,,,,,,,,,,,
Dasylirion wheeleri,,,,,,,,,,,,,,,,,,,,,,,,
Datura wrightii,,,,,,,,,,,,,,,,,,,,,,,,
Delphinium glaucum,,,,,,,,,,,,,,,,,,,,,,,,
Delphinium nuttallianum,,,,,,,,,,,,,,,,,,,,,,,,
Dendromecon rigida,,,,,,,,,,,,,,,,,,,,,,,,
Deschampsia caespitosa,,,,,,,,,,,,,,,,,,,,,,,,
Deschampsia cespitosa,,,,,,,,,,,,,,,,,,,,,,,,
Deschampsia flexuosa,,,,,,,,,,,,,,,,,,,,,,,,
Desmanthus illinoensis,,,,,,,,,,,,,,,,,,,,,,,,
Desmodium canadense,,,,,,,,,,,,,,,,,,,,,,,,
Dianella sandwicensis,,,,,,,,,,,,,,,,,,,,,,,,
Dicentra cucullaria,,,,,,,,,,,,,,,,,,,,,,,,
Dicentra eximia,,,,,,,,,,,,,,,,,,,,,,,,
Dicentra formosa,,,,,,,,,,,,,,,,,,,,,,,,
Dichondra carolinensis,,,,,,,,,,,,,,,,,,,,,,,,
Dicranopteris linearis,,,,,,,,,,,,,,,,,,,,,,,,
Dieffenbachia maculata,,,,,,,,,,,,,,,,,,,,,,,,
Dieffenbachia seguine,,,,,,,,,,,,,,,,,,,,,,,,
Diervilla lonicera,,,,,,,,,,,,,,,,,,,,,,,,
Diospyros sandwicensis,,,,,,,,,,,,,,,,,,,,,,,,
Diospyros texana,,,,,,,,,,,,,,,,,,,,,,,,
Diospyros virginiana,,,,,,,,,,,,,,,,,,,,,,,,
Diplacus aurantiacus,,,,,,,,,,,,,,,,,,,,,,,,
Dodecatheon meadia,,,,,,,,,,,,,,,,,,,,,,,,
Dryas integrifolia,,,,,,,,,,,,,,,,,,,,,,,,
Dryopteris arguta,,,,,,,,,,,,,,,,,,,,,,,,
Dryopteris carthusiana,,,,,,,,,,,,,,,,,,,,,,,,
Dryopteris cristata,,,,,,,,,,,,,,,,,,,,,,,,
Dryopteris expansa,,,,,,,,,,,,,,,,,,,,,,,,
Dryopteris filix-mas,,,,,,,,,,,,,,,,,,,,,,,,
Dryopteris glabra,,,,,,,,,,,,,,,,,,,,,,,,
Dryopteris intermedia,,,,,,,,,,,,,,,,,,,,,,,,
Dryopteris ludoviciana,,,,,,,,,,,,,,,,,,,,,,,,
Dryopteris marginalis,,,,,,,,,,,,,,,,,,,,,,,,
Dryopteris unidentata,,,,,,,,,,,,,,,,,,,,,,,,
Dryopteris wallichiana,,,,,,,,,,,,,,,,,,,,,,,,
Dudleya caespitosa,,,,,,,,,,,,,,,,,,,,,,,,
Dudleya farinosa,,,,,,,,,,,,,,,,,,,,,,,,
Dudleya lanceolata,,,,,,,,,,,,,,,,,,,,,,,,
Dudleya pulverulenta,,,,,,,,,,,,,,,,,,,,,,,,
Duranta erecta,,,,,,,,,,,,,,,,,,,,,,,,
Echinacea angustifolia,,,,,,,,,,,,,,,,,,,,,,,,
Echinacea pallida,,,,,,,,,,,,,,,,,,,,,,,,
Echinacea purpurea,,,,,,,,,,,,,,,,,,,,,,,,
Echinocactus texensis,,,,,,,,,,,,,,,,,,,,,,,,
Echinocereus engelmannii,,,,,,,,,,,,,,,,,,,,,,,,
Echinocereus fasciculatus,,,,,,,,,,,,,,,,,,,,,,,,
Echinocereus reichenbachii,,,,,,,,,,,,,,,,,,,,,,,,
Echinocereus triglochidiatus,,,,,,,,,,,,,,,,,,,,,,,,
Eleocharis macrostachya,,,,,,,,,,,,,,,,,,,,,,,,
Elymus canadensis,,,,,,,,,,,,,,,,,,,,,,,,
Elymus hystrix,,,,,,,,,,,,,,,,,,,,,,,,
Elymus virginicus,,,,,,,,,,,,,,,,,,,,,,,,
Encelia californica,,,,,,,,,,,,,,,,,,,,,,,,
Encelia farinosa,,,,,,,,,,,,,,,,,,,,,,,,
Engelmannia peristenia,,,,,,,,,,,,,,,,,,,,,,,,
Ephedra antisyphilitica,,,,,,,,,,,,,,,,,,,,,,,,
Ephedra californica,,,,,,,,,,,,,,,,,,,,,,,,
Ephedra nevadensis,,,,,,,,,,,,,,,,,,,,,,,,
Ephedra torreyana,,,,,,,,,,,,,,,,,,,,,,,,
Ephedra trifurca,,,,,,,,,,,,,,,,,,,,,,,,
Ephedra viridis,,,,,,,,,,,,,,,,,,,,,,,,
Epifagus virginiana,,,,,,,,,,,,,,,,,,,,,,,,
Epigaea repens,,,,,,,,,,,,,,,,,,,,,,,,
Epilobium angustifolium,,,,,,,,,,,,,,,,,,,,,,,,
Epilobium canum,,,,,,,,,,,,,,,,,,,,,,,,
Epilobium ciliatum,,,,,,,,,,,,,,,,,,,,,,,,
Equisetum arvense,,,,,,,,,,,,,,,,,,,,,,,,
Equisetum fluviatile,,,,,,,,,,,,,,,,,,,,,,,,
Equisetum hyemale,,,,,,,,,,,,,,,,,,,,,,,,
Equisetum scirpoides,,,,,,,,,,,,,,,,,,,,,,,,
Eragrostis atropioides,,,,,,,,,,,,,,,,,,,,,,,,
Eragrostis intermedia,,,,,,,,,,,,,,,,,,,,,,,,
Eragrostis spectabilis,,,,,,,,,,,,,,,,,,,,,,,,
Eragrostis variabilis,,,,,,,,,,,,,,,,,,,,,,,,
Ericameria nauseosa,,,,,,,,,,,,,,,,,,,,,,,,
Erigeron compositus,,,,,,,,,,,,,,,,,,,,,,,,
Erigeron flagellaris,,,,,,,,,,,,,,,,,,,,,,,,
Erigeron glaucus,,,,,,,,,,,,,,,,,,,,,,,,
Erigeron pulcherrimus,,,,,,,,,,,,,,,,,,,,,,,,
Erigeron speciosus,,,,,,,,,,,,,,,,,,,,,,,,
Eriodictyon crassifolium,,,,,,,,,,,,,,,,,,,,,,,,
Eriogonum alatum,,,,,,,,,,,,,,,,,,,,,,,,
Eriogonum annuum,,,,,,,,,,,,,,,,,,,,,,,,
Eriogonum arborescens,,,,,,,,,,,,,,,,,,,,,,,,
Eriogonum compositum,,,,,,,,,,,,,,,,,,,,,,,,
Eriogonum corymbosum,,,,,,,,,,,,,,,,,,,,,,,,
Eriogonum fasciculatum,,,,,,,,,,,,,,,,,,,,,,,,
Eriogonum giganteum,,,,,,,,,,,,,,,,,,,,,,,,
Eriogonum heracleoides,,,,,,,,,,,,,,,,,,,,,,,,
Eriogonum inflatum,,,,,,,,,,,,,,,,,,,,,,,,
Eriogonum jamesii,,,,,,,,,,,,,,,,,,,,,,,,
Eriogonum latifolium,,,,,,,,,,,,,,,,,,,,,,,,
Eriogonum ovalifolium,,,,,,,,,,,,,,,,,,,,,,,,
Eriogonum thomasii,,,,,,,,,,,,,,,,,,,,,,,,
Eriogonum umbellatum,,,,,,,,,,,,,,,,,,,,,,,,
Eriogonum wrightii,,,,,,,,,,,,,,,,,,,,,,,,
Eriophorum angustifolium,,,,,,,,,,,,,,,,,,,,,,,,
Eriophyllum confertiflorum,,,,,,,,,,,,,,,,,,,,,,,,
Eriophyllum lanatum,,,,,,,,,,,,,,,,,,,,,,,,
Eryngium leavenworthii,,,,,,,,,,,,,,,,,,,,,,,,
Eryngium yuccifolium,,,,,,,,,,,,,,,,,,,,,,,,
Erythrina herbacea,,,,,,,,,,,,,,,,,,,,,,,,
Erythrina sandwicensis,,,,,,,,,,,,,,,,,,,,,,,,
Erythronium albidum,,,,,,,,,,,,,,,,,,,,,,,,
Erythronium americanum,,,,,,,,,,,,,,,,,,,,,,,,
Erythronium californicum,,,,,,,,,,,,,,,,,,,,,,,,
Erythronium grandiflorum,,,,,,,,,,,,,,,,,,,,,,,,
Erythronium oregonum,,,,,,,,,,,,,,,,,,,,,,,,
Erythroxylum areolatum,,,,,,,,,,,,,,,,,,,,,,,,
Eschscholzia californica,,,,,,,,,,,,,,,,,,,,,,,,
Eugenia axillaris,,,,,,,,,,,,,,,,,,,,,,,,
Eugenia confusa,,,,,,,,,,,,,,,,,,,,,,,,
Eugenia foetida,,,,,,,,,,,,,,,,,,,,,,,,
Eupatorium altissimum,,,,,,,,,,,,,,,,,,,,,,,,
Eupatorium capillifolium,,,,,,,,,,,,,,,,,,,,,,,,
Eupatorium coelestinum,,,,,,,,,,,,,,,,,,,,,,,,
Eupatorium dubium,,,,,,,,,,,,,,,,,,,,,,,,
Eupatorium fistulosum,,,,,,,,,,,,,,,,,,,,,,,,
Eupatorium hyssopifolium,,,,,,,,,,,,,,,,,,,,,,,,
Eupatorium maculatum,,,,,,,,,,,,,,,,,,,,,,,,
Eupatorium perfoliatum,,,,,,,,,,,,,,,,,,,,,,,,
Eupatorium purpureum,,,,,,,,,,,,,,,,,,,,,,,,
Eupatorium rugosum,,,,,,,,,,,,,,,,,,,,,,,,
Eupatorium serotinum,,,,,,,,,,,,,,,,,,,,,,,,
Euphorbia corollata,,,,,,,,,,,,,,,,,,,,,,,,
Euphorbia cyathophora,,,,,,,,,,,,,,,,,,,,,,,,
Euphorbia marginata,,,,,,,,,,,,,,,,,,,,,,,,
Eurybia divaricata,,,,,,,,,,,,,,,,,,,,,,,,
Eurybia macrophylla,,,,,,,,,,,,,,,,,,,,,,,,
Euthamia caroliniana,,,,,,,,,,,,,,,,,,,,,,,,
Euthamia graminifolia,,,,,,,,,,,,,,,,,,,,,,,,
Eutrochium fistulosum,,,,,,,,,,,,,,,,,,,,,,,,
Eutrochium maculatum,,,,,,,,,,,,,,,,,,,,,,,,
Eutrochium purpureum,,,,,,,,,,,,,,,,,,,,,,,,
Eutrochium steelei,,,,,,,,,,,,,,,,,,,,,,,,
Fagus grandifolia,,,,,,,,,,,,,,,,,,,,,,,,
Fallugia paradoxa,,,,,,,,,,,,,,,,,,,,,,,,
Ferocactus cylindraceus,,,,,,,,,,,,,,,,,,,,,,,,
Ferocactus wislizeni,,,,,,,,,,,,,,,,,,,,,,,,
Festuca californica,,,,,,,,,,,,,,,,,,,,,,,,
Festuca idahoensis,,,,,,,,,,,,,,,,,,,,,,,,
Festuca rubra,,,,,,,,,,,,,,,,,,,,,,,,
Ficus aurea,,,,,,,,,,,,,,,,,,,,,,,,
Ficus citrifolia,,,,,,,,,,,,,,,,,,,,,,,,
Filipendula rubra,,,,,,,,,,,,,,,,,,,,,,,,
Fimbristylis cymosa,,,,,,,,,,,,,,,,,,,,,,,,
Forestiera pubescens,,,,,,,,,,,,,,,,,,,,,,,,
Fothergilla gardenii,,,,,,,,,,,,,,,,,,,,,,,,
Fouquieria splendens,,,,,,,,,,,,,,,,,,,,,,,,
Fragaria chiloensis,,,,,,,,,,,,,,,,,,,,,,,,
Fragaria vesca,,,,,,,,,,,,,,,,,,,,,,,,
Fragaria virginiana,,,,,,,,,,,,,,,,,,,,,,,,
Fraxinus americana,,,,,,,,,,,,,,,,,,,,,,,,
Fraxinus anomala,,,,,,,,,,,,,,,,,,,,,,,,
Fraxinus dipetala,,,,,,,,,,,,,,,,,,,,,,,,
Fraxinus latifolia,,,,,,,,,,,,,,,,,,,,,,,,
Fraxinus nigra,,,,,,,,,,,,,,,,,,,,,,,,
Fraxinus pennsylvanica,,,,,,,,,,,,,,,,,,,,,,,,
Fraxinus texensis,,,,,,,,,,,,,,,,,,,,,,,,
Fraxinus velutina,,,,,,,,,,,,,,,,,,,,,,,,
Fremontodendron californicum,,,,,,,,,,,,,,,,,,,,,,,,
Freycinetia arborea,,,,,,,,,,,,,,,,,,,,,,,,
Gaillardia aristata,,,,,,,,,,,,,,,,,,,,,,,,
Gaillardia pulchella,,,,,,,,,,,,,,,,,,,,,,,,
Gaillardia suavis,,,,,,,,,,,,,,,,,,,,,,,,
Galax urceolata,,,,,,,,,,,,,,,,,,,,,,,,
Galium aparine,,,,,,,,,,,,,,,,,,,,,,,,
Galium boreale,,,,,,,,,,,,,,,,,,,,,,,,
Galium triflorum,,,,,,,,,,,,,,,,,,,,,,,,
Galvezia speciosa,,,,,,,,,,,,,,,,,,,,,,,,
Garrya elliptica,,,,,,,,,,,,,,,,,,,,,,,,
Garrya flavescens,,,,,,,,,,,,,,,,,,,,,,,,
Garrya wrightii,,,,,,,,,,,,,,,,,,,,,,,,
Gaultheria procumbens,,,,,,,,,,,,,,,,,,,,,,,,
Gaultheria shallon,,,,,,,,,,,,,,,,,,,,,,,,
Gaura coccinea,,,,,,,,,,,,,,,,,,,,,,,,
Gaura lindheimeri,,,,,,,,,,,,,,,,,,,,,,,,
Gelsemium sempervirens,,,,,,,,,,,,,,,,,,,,,,,,
Gentiana andrewsii,,,,,,,,,,,,,,,,,,,,,,,,
Geranium caespitosum,,,,,,,,,,,,,,,,,,,,,,,,
Geranium californicum,,,,,,,,,,,,,,,,,,,,,,,,
Geranium erianthum,,,,,,,,,,,,,,,,,,,,,,,,
Geranium maculatum,,,,,,,,,,,,,,,,,,,,,,,,
Geranium oreganum,,,,,,,,,,,,,,,,,,,,,,,,
Geranium richardsonii,,,,,,,,,,,,,,,,,,,,,,,,
Geranium robertianum,,,,,,,,,,,,,,,,,,,,,,,,
Geranium viscosissimum,,,,,,,,,,,,,,,,,,,,,,,,
Geum aleppicum,,,,,,,,,,,,,,,,,,,,,,,,
Geum canadense,,,,,,,,,,,,,,,,,,,,,,,,
Geum macrophyllum,,,,,,,,,,,,,,,,,,,,,,,,
Geum rivale,,,,,,,,,,,,,,,,,,,,,,,,
Geum rossii,,,,,,,,,,,,,,,,,,,,,,,,
Geum triflorum,,,,,,,,,,,,,,,,,,,,,,,,
Geum vernum,,,,,,,,,,,,,,,,,,,,,,,,
Gillenia trifoliata,,,,,,,,,,,,,,,,,,,,,,,,
Glandularia bipinnatifida,,,,,,,,,,,,,,,,,,,,,,,,
Gleditsia triacanthos,,,,,,,,,,,,,,,,,,,,,,,,
Glyceria grandis,,,,,,,,,,,,,,,,,,,,,,,,
Glyceria striata,,,,,,,,,,,,,,,,,,,,,,,,
Goodyera oblongifolia,,,,,,,,,,,,,,,,,,,,,,,,
Goodyera pubescens,,,,,,,,,,,,,,,,,,,,,,,,
Goodyera repens,,,,,,,,,,,,,,,,,,,,,,,,
Gouania vitifolia,,,,,,,,,,,,,,,,,,,,,,,,
Grindelia stricta,,,,,,,,,,,,,,,,,,,,,,,,
Guaiacum officinale,,,,,,,,,,,,,,,,,,,,,,,,
Gutierrezia microcephala,,,,,,,,,,,,,,,,,,,,,,,,
Gutierrezia sarothrae,,,,,,,,,,,,,,,,,,,,,,,,
Gymnocarpium dryopteris,,,,,,,,,,,,,,,,,,,,,,,,
Gymnocladus dioicus,,,,,,,,,,,,,,,,,,,,,,,,
Hamamelis virginiana,,,,,,,,,,,,,,,,,,,,,,,,
Hamelia patens,,,,,,,,,,,,,,,,,,,,,,,,
Hedyotis terminalis,,,,,,,,,,,,,,,,,,,,,,,,
Hedysarum alpinum,,,,,,,,,,,,,,,,,,,,,,,,
Helenium amarum,,,,,,,,,,,,,,,,,,,,,,,,
Helenium autumnale,,,,,,,,,,,,,,,,,,,,,,,,
Helenium bigelovii,,,,,,,,,,,,,,,,,,,,,,,,
Helenium flexuosum,,,,,,,,,,,,,,,,,,,,,,,,
Helianthus angustifolius,,,,,,,,,,,,,,,,,,,,,,,,
Helianthus annuus,,,,,,,,,,,,,,,,,,,,,,,,
Helianthus debilis,,,,,,,,,,,,,,,,,,,,,,,,
Helianthus decapetalus,,,,,,,,,,,,,,,,,,,,,,,,
Helianthus divaricatus,,,,,,,,,,,,,,,,,,,,,,,,
Helianthus maximiliani,,,,,,,,,,,,,,,,,,,,,,,,
Helianthus mollis,,,,,,,,,,,,,,,,,,,,,,,,
Helianthus occidentalis,,,,,,,,,,,,,,,,,,,,,,,,
Helianthus pauciflorus,,,,,,,,,,,,,,,,,,,,,,,,
Helianthus strumosus,,,,,,,,,,,,,,,,,,,,,,,,
Helianthus tuberosus,,,,,,,,,,,,,,,,,,,,,,,,
Heliconia bihai,,,,,,,,,,,,,,,,,,,,,,,,
Heliconia caribaea,,,,,,,,,,,,,,,,,,,,,,,,
Heliomeris multiflora,,,,,,,,,,,,,,,,,,,,,,,,
Heliopsis helianthoides,,,,,,,,,,,,,,,,,,,,,,,,
Heliotropium angiospermum,,,,,,,,,,,,,,,,,,,,,,,,
Hepatica acutiloba,,,,,,,,,,,,,,,,,,,,,,,,
Hepatica americana,,,,,,,,,,,,,,,,,,,,,,,,
Hepatica nobilis,,,,,,,,,,,,,,,,,,,,,,,,
Heracleum maximum,,,,,,,,,,,,,,,,,,,,,,,,
Hesperaloe parviflora,,,,,,,,,,,,,,,,,,,,,,,,
Hesperocallis undulata,,,,,,,,,,,,,,,,,,,,,,,,
Hesperostipa comata,,,,,,,,,,,,,,,,,,,,,,,,
Hesperostipa spartea,,,,,,,,,,,,,,,,,,,,,,,,
Hesperoyucca whipplei,,,,,,,,,,,,,,,,,,,,,,,,
Heteromeles arbutifolia,,,,,,,,,,,,,,,,,,,,,,,,
Heteropogon contortus,,,,,,,,,,,,,,,,,,,,,,,,
Heterotheca grandiflora,,,,,,,,,,,,,,,,,,,,,,,,
Heuchera americana,,,,,,,,,,,,,,,,,,,,,,,,
Heuchera cylindrica,,,,,,,,,,,,,,,,,,,,,,,,
Heuchera elegans,,,,,,,,,,,,,,,,,,,,,,,,
Heuchera hirsutissima,,,,,,,,,,,,,,,,,,,,,,,,
Heuchera maxima,,,,,,,,,,,,,,,,,,,,,,,,
Heuchera micrantha,,,,,,,,,,,,,,,,,,,,,,,,
Heuchera parvifolia,,,,,,,,,,,,,,,,,,,,,,,,
Heuchera richardsonii,,,,,,,,,,,,,,,,,,,,,,,,
Heuchera rubescens,,,,,,,,,,,,,,,,,,,,,,,,
Heuchera sanguinea,,,,,,,,,,,,,,,,,,,,,,,,
Hexastylis arifolia,,,,,,,,,,,,,,,,,,,,,,,,
Hibiscus arnottianus,,,,,,,,,,,,,,,,,,,,,,,,
Hibiscus brackenridgei,,,,,,,,,,,,,,,,,,,,,,,,
Hibiscus coccineus,,,,,,,,,,,,,,,,,,,,,,,,
Hibiscus grandiflorus,,,,,,,,,,,,,,,,,,,,,,,,
Hibiscus kokio,,,,,,,,,,,,,,,,,,,,,,,,
Hibiscus laevis,,,,,,,,,,,,,,,,,,,,,,,,
Hibiscus moscheutos,,,,,,,,,,,,,,,,,,,,,,,,
Hibiscus waimeae,,,,,,,,,,,,,,,,,,,,,,,,
Holodiscus discolor,,,,,,,,,,,,,,,,,,,,,,,,
Hydrangea arborescens,,,,,,,,,,,,,,,,,,,,,,,,
Hydrangea quercifolia,,,,,,,,,,,,,,,,,,,,,,,,
Hydrocotyle americana,,,,,,,,,,,,,,,,,,,,,,,,
Hydrocotyle umbellata,,,,,,,,,,,,,,,,,,,,,,,,
Hydrocotyle verticillata,,,,,,,,,,,,,,,,,,,,,,,,
Hydrophyllum occidentale,,,,,,,,,,,,,,,,,,,,,,,,
Hydrophyllum tenuipes,,,,,,,,,,,,,,,,,,,,,,,,
Hydrophyllum virginianum,,,,,,,,,,,,,,,,,,,,,,,,
Hymenocallis liriosme,,,,,,,,,,,,,,,,,,,,,,,,
Hymenoclea salsola,,,,,,,,,,,,,,,,,,,,,,,,
Hymenopappus artemisiifolius,,,,,,,,,,,,,,,,,,,,,,,,
Hymenopappus filifolius,,,,,,,,,,,,,,,,,,,,,,,,
Hymenopappus scabiosaeus,,,,,,,,,,,,,,,,,,,,,,,,
Hymenoxys acaulis,,,,,,,,,,,,,,,,,,,,,,,,
Hymenoxys hoopesii,,,,,,,,,,,,,,,,,,,,,,,,
Hymenoxys scaposa,,,,,,,,,,,,,,,,,,,,,,,,
Hypericum brachyphyllum,,,,,,,,,,,,,,,,,,,,,,,,
Hypericum hypericoides,,,,,,,,,,,,,,,,,,,,,,,,
Hypericum prolificum,,,,,,,,,,,,,,,,,,,,,,,,
Ilex anomala,,,,,,,,,,,,,,,,,,,,,,,,
Ilex cassine,,,,,,,,,,,,,,,,,,,,,,,,
Ilex decidua,,,,,,,,,,,,,,,,,,,,,,,,
Ilex glabra,,,,,,,,,,,,,,,,,,,,,,,,
Ilex opaca,,,,,,,,,,,,,,,,,,,,,,,,
Ilex verticillata,,,,,,,,,,,,,,,,,,,,,,,,
Ilex vomitoria,,,,,,,,,,,,,,,,,,,,,,,,
Illicium floridanum,,,,,,,,,,,,,,,,,,,,,,,,
Impatiens capensis,,,,,,,,,,,,,,,,,,,,,,,,
Ipomopsis aggregata,,,,,,,,,,,,,,,,,,,,,,,,
Ipomopsis rubra,,,,,,,,,,,,,,,,,,,,,,,,
Iris brevicaulis,,,,,,,,,,,,,,,,,,,,,,,,
Iris cristata,,,,,,,,,,,,,,,,,,,,,,,,
Iris douglasiana,,,,,,,,,,,,,,,,,,,,,,,,
Iris fulva,,,,,,,,,,,,,,,,,,,,,,,,
Iris hexagona,,,,,,,,,,,,,,,,,,,,,,,,
Iris macrosiphon,,,,,,,,,,,,,,,,,,,,,,,,
Iris missouriensis,,,,,,,,,,,,,,,,,,,,,,,,
Iris prismatica,,,,,,,,,,,,,,,,,,,,,,,,
Iris setosa,,,,,,,,,,,,,,,,,,,,,,,,
Iris tenax,,,,,,,,,,,,,,,,,,,,,,,,
Iris versicolor,,,,,,,,,,,,,,,,,,,,,,,,
Iris virginica,,,,,,,,,,,,,,,,,,,,,,,,
Isocoma acradenia,,,,,,,,,,,,,,,,,,,,,,,,
Isocoma menziesii,,,,,,,,,,,,,,,,,,,,,,,,
Isomeris arborea,,,,,,,,,,,,,,,,,,,,,,,,
Itea virginica,,,,,,,,,,,,,,,,,,,,,,,,
Jacquemontia sandwicensis,,,,,,,,,,,,,,,,,,,,,,,,
Jeffersonia diphylla,,,,,,,,,,,,,,,,,,,,,,,,
Juglans californica,,,,,,,,,,,,,,,,,,,,,,,,
Juglans major,,,,,,,,,,,,,,,,,,,,,,,,
Juncus acuminatus,,,,,,,,,,,,,,,,,,,,,,,,
Juncus canadensis,,,,,,,,,,,,,,,,,,,,,,,,
Juncus debilis,,,,,,,,,,,,,,,,,,,,,,,,
Juncus dichotomus,,,,,,,,,,,,,,,,,,,,,,,,
Juncus diffusissimus,,,,,,,,,,,,,,,,,,,,,,,,
Juncus effusus,,,,,,,,,,,,,,,,,,,,,,,,
Juncus marginatus,,,,,,,,,,,,,,,,,,,,,,,,
Juncus patens,,,,,,,,,,,,,,,,,,,,,,,,
Juncus repens,,,,,,,,,,,,,,,,,,,,,,,,
Juncus scirpoides,,,,,,,,,,,,,,,,,,,,,,,,
Juncus tenuis,,,,,,,,,,,,,,,,,,,,,,,,
Juncus textilis,,,,,,,,,,,,,,,,,,,,,,,,
Juniperus ashei,,,,,,,,,,,,,,,,,,,,,,,,
Juniperus californica,,,,,,,,,,,,,,,,,,,,,,,,
Juniperus communis,,,,,,,,,,,,,,,,,,,,,,,,
Juniperus deppeana,,,,,,,,,,,,,,,,,,,,,,,,
Juniperus horizontalis,,,,,,,,,,,,,,,,,,,,,,,,
Juniperus monosperma,,,,,,,,,,,,,,,,,,,,,,,,
Juniperus osteosperma,,,,,,,,,,,,,,,,,,,,,,,,
Juniperus scopulorum,,,,,,,,,,,,,,,,,,,,,,,,
Juniperus virginiana,,,,,,,,,,,,,,,,,,,,,,,,
Kalmia latifolia,,,,,,,,,,,,,,,,,,,,,,,,
Keckiella antirrhinoides,,,,,,,,,,,,,,,,,,,,,,,,
Keckiella cordifolia,,,,,,,,,,,,,,,,,,,,,,,,
Koeleria macrantha,,,,,,,,,,,,,,,,,,,,,,,,
Krascheninnikovia lanata,,,,,,,,,,,,,,,,,,,,,,,,
Lantana camara,,,,,,,,,,,,,,,,,,,,,,,,
Lantana involucrata,,,,,,,,,,,,,,,,,,,,,,,,
Lantana urticoides,,,,,,,,,,,,,,,,,,,,,,,,
Laportea canadensis,,,,,,,,,,,,,,,,,,,,,,,,
Larrea tridentata,,,,,,,,,,,,,,,,,,,,,,,,
Lathyrus japonicus,,,,,,,,,,,,,,,,,,,,,,,,
Lathyrus lanszwertii,,,,,,,,,,,,,,,,,,,,,,,,
Lathyrus maritimus,,,,,,,,,,,,,,,,,,,,,,,,
Lavatera assurgentiflora,,,,,,,,,,,,,,,,,,,,,,,,
Ledum groenlandicum,,,,,,,,,,,,,,,,,,,,,,,,
Leersia oryzoides,,,,,,,,,,,,,,,,,,,,,,,,
Lepidium bidentatum,,,,,,,,,,,,,,,,,,,,,,,,
Leptosyne gigantea,,,,,,,,,,,,,,,,,,,,,,,,
Lespedeza capitata,,,,,,,,,,,,,,,,,,,,,,,,
Leucophyllum frutescens,,,,,,,,,,,,,,,,,,,,,,,,
Leucothoe axillaris,,,,,,,,,,,,,,,,,,,,,,,,
Leucothoe fontanesiana,,,,,,,,,,,,,,,,,,,,,,,,
Leymus mollis,,,,,,,,,,,,,,,,,,,,,,,,
Liatris aspera,,,,,,,,,,,,,,,,,,,,,,,,
Liatris elegans,,,,,,,,,,,,,,,,,,,,,,,,
Liatris ligulistylis,,,,,,,,,,,,,,,,,,,,,,,,
Liatris mucronata,,,,,,,,,,,,,,,,,,,,,,,,
Liatris punctata,,,,,,,,,,,,,,,,,,,,,,,,
Liatris pycnostachya,,,,,,,,,,,,,,,,,,,,,,,,
Liatris spicata,,,,,,,,,,,,,,,,,,,,,,,,
Liatris tenuifolia,,,,,,,,,,,,,,,,,,,,,,,,
Ligusticum scoticum,,,,,,,,,,,,,,,,,,,,,,,,
Lilium columbianum,,,,,,,,,,,,,,,,,,,,,,,,
Lilium michiganense,,,,,,,,,,,,,,,,,,,,,,,,
Lilium philadelphicum,,,,,,,,,,,,,,,,,,,,,,,,
Lilium superbum,,,,,,,,,,,,,,,,,,,,,,,,
Lindera benzoin,,,,,,,,,,,,,,,,,,,,,,,,
Linnaea borealis,,,,,,,,,,,,,,,,,,,,,,,,
Linum berlandieri,,,,,,,,,,,,,,,,,,,,,,,,
Linum lewisii,,,,,,,,,,,,,,,,,,,,,,,,
Lipochaeta kamolensis,,,,,,,,,,,,,,,,,,,,,,,,
Liquidambar styraciflua,,,,,,,,,,,,,,,,,,,,,,,,
Liriodendron tulipifera,,,,,,,,,,,,,,,,,,,,,,,,
Lithophragma parviflorum,,,,,,,,,,,,,,,,,,,,,,,,
Lobelia cardinalis,,,,,,,,,,,,,,,,,,,,,,,,
Lobelia dortmanna,,,,,,,,,,,,,,,,,,,,,,,,
Lobelia fulgens,,,,,,,,,,,,,,,,,,,,,,,,
Lobelia inflata,,,,,,,,,,,,,,,,,,,,,,,,
Lobelia kalmii,,,,,,,,,,,,,,,,,,,,,,,,
Lobelia nuttallii,,,,,,,,,,,,,,,,,,,,,,,,
Lobelia puberula,,,,,,,,,,,,,,,,,,,,,,,,
Lobelia siphilitica,,,,,,,,,,,,,,,,,,,,,,,,
Lobelia spicata,,,,,,,,,,,,,,,,,,,,,,,,
Lomatium dasycarpum,,,,,,,,,,,,,,,,,,,,,,,,
Lomatium dissectum,,,,,,,,,,,,,,,,,,,,,,,,
Lomatium nevadense,,,,,,,,,,,,,,,,,,,,,,,,
Lomatium nudicaule,,,,,,,,,,,,,,,,,,,,,,,,
Lomatium utriculatum,,,,,,,,,,,,,,,,,,,,,,,,
Lonchocarpus domingensis,,,,,,,,,,,,,,,,,,,,,,,,
Lonicera arizonica,,,,,,,,,,,,,,,,,,,,,,,,
Lonicera ciliosa,,,,,,,,,,,,,,,,,,,,,,,,
Lonicera dioica,,,,,,,,,,,,,,,,,,,,,,,,
Lonicera hispidula,,,,,,,,,,,,,,,,,,,,,,,,
Lonicera involucrata,,,,,,,,,,,,,,,,,,,,,,,,
Lonicera sempervirens,,,,,,,,,,,,,,,,,,,,,,,,
Lonicera subspicata,,,,,,,,,,,,,,,,,,,,,,,,
Lonicera utahensis,,,,,,,,,,,,,,,,,,,,,,,,
Ludwigia palustris,,,,,,,,,,,,,,,,,,,,,,,,
Lupinus albicaulis,,,,,,,,,,,,,,,,,,,,,,,,
Lupinus albifrons,,,,,,,,,,,,,,,,,,,,,,,,
Lupinus arboreus,,,,,,,,,,,,,,,,,,,,,,,,
Lupinus argenteus,,,,,,,,,,,,,,,,,,,,,,,,
Lupinus bicolor,,,,,,,,,,,,,,,,,,,,,,,,
Lupinus excubitus,,,,,,,,,,,,,,,,,,,,,,,,
Lupinus latifolius,,,,,,,,,,,,,,,,,,,,,,,,
Lupinus nootkatensis,,,,,,,,,,,,,,,,,,,,,,,,
Lupinus perennis,,,,,,,,,,,,,,,,,,,,,,,,
Lupinus polyphyllus,,,,,,,,,,,,,,,,,,,,,,,,
Lupinus sericeus,,,,,,,,,,,,,,,,,,,,,,,,
Lupinus succulentus,,,,,,,,,,,,,,,,,,,,,,,,
Lupinus texensis,,,,,,,,,,,,,,,,,,,,,,,,
Luzula comosa,,,,,,,,,,,,,,,,,,,,,,,,
Lycium andersonii,,,,,,,,,,,,,,,,,,,,,,,,
Lycium californicum,,,,,,,,,,,,,,,,,,,,,,,,
Lycium cooperi,,,,,,,,,,,,,,,,,,,,,,,,
Lycium fremontii,,,,,,,,,,,,,,,,,,,,,,,,
Lyonia lucida,,,,,,,,,,,,,,,,,,,,,,,,
Lyonothamnus floribundus,,,,,,,,,,,,,,,,,,,,,,,,
Lysichiton americanus,,,,,,,,,,,,,,,,,,,,,,,,
Lysimachia ciliata,,,,,,,,,,,,,,,,,,,,,,,,
Lysimachia terrestris,,,,,,,,,,,,,,,,,,,,,,,,
Machaerina angustifolia,,,,,,,,,,,,,,,,,,,,,,,,
Magnolia acuminata,,,,,,,,,,,,,,,,,,,,,,,,
Magnolia grandiflora,,,,,,,,,,,,,,,,,,,,,,,,
Magnolia virginiana,,,,,,,,,,,,,,,,,,,,,,,,
Mahonia aquifolium,,,,,,,,,,,,,,,,,,,,,,,,
Mahonia fremontii,,,,,,,,,,,,,,,,,,,,,,,,
Mahonia nervosa,,,,,,,,,,,,,,,,,,,,,,,,
Mahonia nevinii,,,,,,,,,,,,,,,,,,,,,,,,
Mahonia repens,,,,,,,,,,,,,,,,,,,,,,,,
Mahonia trifoliolata,,,,,,,,,,,,,,,,,,,,,,,,
Maianthemum canadense,,,,,,,,,,,,,,,,,,,,,,,,
Maianthemum dilatatum,,,,,,,,,,,,,,,,,,,,,,,,
Maianthemum racemosum,,,,,,,,,,,,,,,,,,,,,,,,
Maianthemum stellatum,,,,,,,,,,,,,,,,,,,,,,,,
Malacothamnus fasciculatus,,,,,,,,,,,,,,,,,,,,,,,,
Malacothamnus fremontii,,,,,,,,,,,,,,,,,,,,,,,,
Malosma laurina,,,,,,,,,,,,,,,,,,,,,,,,
Marah fabaceus,,,,,,,,,,,,,,,,,,,,,,,,
Matteuccia struthiopteris,,,,,,,,,,,,,,,,,,,,,,,,
Melampodium divaricatum,,,,,,,,,,,,,,,,,,,,,,,,
Melampodium leucanthum,,,,,,,,,,,,,,,,,,,,,,,,
Melicope knudsenii,,,,,,,,,,,,,,,,,,,,,,,,
Mentha arvensis,,,,,,,,,,,,,,,,,,,,,,,,
Mentha canadensis,,,,,,,,,,,,,,,,,,,,,,,,
Menyanthes trifoliata,,,,,,,,,,,,,,,,,,,,,,,,
Menziesia ferruginea,,,,,,,,,,,,,,,,,,,,,,,,
Mertensia ciliata,,,,,,,,,,,,,,,,,,,,,,,,
Mertensia lanceolata,,,,,,,,,,,,,,,,,,,,,,,,
Mertensia paniculata,,,,,,,,,,,,,,,,,,,,,,,,
Mertensia virginica,,,,,,,,,,,,,,,,,,,,,,,,
Metopium toxiferum,,,,,,,,,,,,,,,,,,,,,,,,
Metrosideros collina,,,,,,,,,,,,,,,,,,,,,,,,
Metrosideros polymorpha,,,,,,,,,,,,,,,,,,,,,,,,
Mimosa aculeaticarpa,,,,,,,,,,,,,,,,,,,,,,,,
Mimulus aurantiacus,,,,,,,,,,,,,,,,,,,,,,,,
Mimulus cardinalis,,,,,,,,,,,,,,,,,,,,,,,,
Mimulus guttatus,,,,,,,,,,,,,,,,,,,,,,,,
Mimulus ringens,,,,,,,,,,,,,,,,,,,,,,,,
Mirabilis laevis,,,,,,,,,,,,,,,,,,,,,,,,
Mirabilis multiflora,,,,,,,,,,,,,,,,,,,,,,,,
Mitchella repens,,,,,,,,,,,,,,,,,,,,,,,,
Mitella diphylla,,,,,,,,,,,,,,,,,,,,,,,,
Mitella nuda,,,,,,,,,,,,,,,,,,,,,,,,
Mitella pentandra,,,,,,,,,,,,,,,,,,,,,,,,
Monarda citriodora,,,,,,,,,,,,,,,,,,,,,,,,
Monarda didyma,,,,,,,,,,,,,,,,,,,,,,,,
Monarda fistulosa,,,,,,,,,,,flower-or-herb,,,,,,,,,,,,,
Monarda punctata,,,,,,,,,,,,,,,,,,,,,,,,
Monardella villosa,,,,,,,,,,,,,,,,,,,,,,,,
Morella cerifera,,,,,,,,,,,,,,,,,,,,,,,,
Morus rubra,,,,,,,,,,,,,,,,,,,,,,,,
Muhlenbergia capillaris,,,,,,,,,,,,,,,,,,,,,,,,
Muhlenbergia emersleyi,,,,,,,,,,,,,,,,,,,,,,,,
Muhlenbergia lindheimeri,,,,,,,,,,,,,,,,,,,,,,,,
Muhlenbergia porteri,,,,,,,,,,,,,,,,,,,,,,,,
Muhlenbergia reverchonii,,,,,,,,,,,,,,,,,,,,,,,,
Muhlenbergia rigens,,,,,,,,,,,,,,,,,,,,,,,,
Myoporum sandwicense,,,,,,,,,,,,,,,,,,,,,,,,
Myosotis alpestris,,,,,,,,,,,,,,,,,,,,,,,,
Myosotis laxa,,,,,,,,,,,,,,,,,,,,,,,,
Myrica californica,,,,,,,,,,,,,,,,,,,,,,,,
Myrica cerifera,,,,,,,,,,,,,,,,,,,,,,,,
Myrica pensylvanica,,,,,,,,,,,,,,,,,,,,,,,,
Myrsine lessertiana,,,,,,,,,,,,,,,,,,,,,,,,
Nassella pulchra,,,,,,,,,,,,,,,,,,,,,,,,
Nassella tenuissima,,,,,,,,,,,,,,,,,,,,,,,,
Nemophila menziesii,,,,,,,,,,,,,,,,,,,,,,,,
Nephrolepis exaltata,,,,,,,,,,,,,,,,,,,,,,,,
Nolina bigelovii,,,,,,,,,,,,,,,,,,,,,,,,
Nolina microcarpa,,,,,,,,,,,,,,,,,,,,,,,,
Nolina texana,,,,,,,,,,,,,,,,,,,,,,,,
Nothocestrum latifolium,,,,,,,,,,,,,,,,,,,,,,,,
Nototrichium humile,,,,,,,,,,,,,,,,,,,,,,,,
Nymphaea odorata,,,,,,,,,,,,,,,,,,,,,,,,
Nyssa sylvatica,,,,,,,,,,,,,,,,,,,,,,,,
Ochrosia haleakalae,,,,,,,,,,,,,,,,,,,,,,,,
Oemleria cerasiformis,,,,,,,,,,,,,,,,,,,,,,,,
Oenanthe sarmentosa,,,,,,,,,,,,,,,,,,,,,,,,
Oenothera biennis,,,,,,,,,,,,,,,,,,,,,,,,
Oenothera caespitosa,,,,,,,,,,,,,,,,,,,,,,,,
Oenothera deltoides,,,,,,,,,,,,,,,,,,,,,,,,
Oenothera elata,,,,,,,,,,,,,,,,,,,,,,,,
Oenothera fruticosa,,,,,,,,,,,,,,,,,,,,,,,,
Oenothera macrocarpa,,,,,,,,,,,,,,,,,,,,,,,,
Oenothera speciosa,,,,,,,,,,,,,,,,,,,,,,,,
Oenothera tetragona,,,,,,,,,,,,,,,,,,,,,,,,
Onoclea sensibilis,,,,,,,,,,,,,,,,,,,,,,,,
Oplopanax horridus,,,,,,,,,,,,,,,,,,,,,,,,
Opuntia basilaris,,,,,,,,,,,,,,,,,,,,,,,,
Opuntia ellisiana,,,,,,,,,,,,,,,,,,,,,,,,
Opuntia engelmannii,,,,,,,,,,,,,,,,,,,,,,,,
Opuntia fragilis,,,,,,,,,,,,,,,,,,,,,,,,
Opuntia humifusa,,,,,,,,,,,,,,,,,,,,,,,,
Opuntia leptocaulis,,,,,,,,,,,,,,,,,,,,,,,,
Opuntia littoralis,,,,,,,,,,,,,,,,,,,,,,,,
Opuntia macrocentra,,,,,,,,,,,,,,,,,,,,,,,,
Opuntia macrorhiza,,,,,,,,,,,,,,,,,,,,,,,,
Opuntia phaeacantha,,,,,,,,,,,,,,,,,,,,,,,,
Opuntia polyacantha,,,,,,,,,,,,,,,,,,,,,,,,
Opuntia santa-rita,,,,,,,,,,,,,,,,,,,,,,,,
Opuntia stricta,,,,,,,,,,,,,,,,,,,,,,,,
Opuntia violacea,,,,,,,,,,,,,,,,,,,,,,,,
Oryzopsis hymenoides,,,,,,,,,,,,,,,,,,,,,,,,
Osmorhiza berteroi,,,,,,,,,,,,,,,,,,,,,,,,
Osmorhiza chilensis,,,,,,,,,,,,,,,,,,,,,,,,
Osmorhiza claytonii,,,,,,,,,,,,,,,,,,,,,,,,
Osmorhiza occidentalis,,,,,,,,,,,,,,,,,,,,,,,,
Osmunda cinnamomea,,,,,,,,,,,,,,,,,,,,,,,,
Osmunda claytoniana,,,,,,,,,,,,,,,,,,,,,,,,
Osmunda regalis,,,,,,,,,,,,,,,,,,,,,,,,
Ostrya virginiana,,,,,,,,,,,,,,,,,,,,,,,,
Oxalis oregana,,,,,,,,,,,,,,,,,,,,,,,,
Oxydendrum arboreum,,,,,,,,,,,,,,,,,,,,,,,,
Oxyria digyna,,,,,,,,,,,,,,,,,,,,,,,,
Oxytropis campestris,,,,,,,,,,,,,,,,,,,,,,,,
Oxytropis lambertii,,,,,,,,,,,,,,,,,,,,,,,,
Oxytropis sericea,,,,,,,,,,,,,,,,,,,,,,,,
Pachysandra procumbens,,,,,,,,,,,,,,,,,,,,,,,,
Pachystima myrsinites,,,,,,,,,,,,,,,,,,,,,,,,
Packera aurea,,,,,,,,,,,,,,,,,,,,,,,,
Packera glabella,,,,,,,,,,,,,,,,,,,,,,,,
Packera obovata,,,,,,,,,,,,,,,,,,,,,,,,
Paeonia brownii,,,,,,,,,,,,,,,,,,,,,,,,
Paeonia californica,,,,,,,,,,,,,,,,,,,,,,,,
Palafoxia feayi,,,,,,,,,,,,,,,,,,,,,,,,
Panicum amarum,,,,,,,,,,,,,,,,,,,,,,,,
Panicum rigidulum,,,,,,,,,,,,,,,,,,,,,,,,
Panicum torridum,,,,,,,,,,,,,,,,,,,,,,,,
Panicum virgatum,,,,,,,,,,,,,,,,,,,,,,,,
Parkinsonia florida,,,,,,,,,,,,,,,,,,,,,,,,
Parkinsonia microphylla,,,,,,,,,,,,,,,,,,,,,,,,
Parnassia asarifolia,,,,,,,,,,,,,,,,,,,,,,,,
Parnassia fimbriata,,,,,,,,,,,,,,,,,,,,,,,,
Parnassia glauca,,,,,,,,,,,,,,,,,,,,,,,,
Parnassia grandifolia,,,,,,,,,,,,,,,,,,,,,,,,
Parnassia palustris,,,,,,,,,,,,,,,,,,,,,,,,
Parthenium incanum,,,,,,,,,,,,,,,,,,,,,,,,
Parthenocissus quinquefolia,,,,,,,,,,,,,,,,,,,,,,,,
Pascopyrum smithii,,,,,,,,,,,,,,,,,,,,,,,,
Paspalum floridanum,,,,,,,,,,,,,,,,,,,,,,,,
Paspalum vaginatum,,,,,,,,,,,,,,,,,,,,,,,,
Passiflora incarnata,,,,,,,,,,,,,,,,,,,,,,,,
Passiflora suberosa,,,,,,,,,,,,,,,,,,,,,,,,
Pedicularis bracteosa,,,,,,,,,,,,,,,,,,,,,,,,
Pedicularis groenlandica,,,,,,,,,,,,,,,,,,,,,,,,
Pedicularis sudetica,,,,,,,,,,,,,,,,,,,,,,,,
Pediomelum argophyllum,,,,,,,,,,,,,,,,,,,,,,,,
Pediomelum cuspidatum,,,,,,,,,,,,,,,,,,,,,,,,
Pediomelum esculentum,,,,,,,,,,,,,,,,,,,,,,,,
Peltandra virginica,,,,,,,,,,,,,,,,,,,,,,,,
Penstemon ambiguus,,,,,,,,,,,,,,,,,,,,,,,,
Penstemon angustifolius,,,,,,,,,,,,,,,,,,,,,,,,
Penstemon australis,,,,,,,,,,,,,,,,,,,,,,,,
Penstemon baccharifolius,,,,,,,,,,,,,,,,,,,,,,,,
Penstemon barbatus,,,,,,,,,,,,,,,,,,,,,,,,
Penstemon calycosus,,,,,,,,,,,,,,,,,,,,,,,,
Penstemon cardwellii,,,,,,,,,,,,,,,,,,,,,,,,
Penstemon centranthifolius,,,,,,,,,,,,,,,,,,,,,,,,
Penstemon cobaea,,,,,,,,,,,,,,,,,,,,,,,,
Penstemon comarrhenus,,,,,,,,,,,,,,,,,,,,,,,,
Penstemon davidsonii,,,,,,,,,,,,,,,,,,,,,,,,
Penstemon digitalis,,,,,,,,,,,,,,,,,,,,,,,,
Penstemon eatonii,,,,,,,,,,,,,,,,,,,,,,,,
Penstemon fruticosus,,,,,,,,,,,,,,,,,,,,,,,,
Penstemon grandiflorus,,,,,,,,,,,,,,,,,,,,,,,,
Penstemon heterophyllus,,,,,,,,,,,,,,,,,,,,,,,,
Penstemon hirsutus,,,,,,,,,,,,,,,,,,,,,,,,
Penstemon multiflorus,,,,,,,,,,,,,,,,,,,,,,,,
Penstemon palmeri,,,,,,,,,,,,,,,,,,,,,,,,
Penstemon parryi,,,,,,,,,,,,,,,,,,,,,,,,
Penstemon procerus,,,,,,,,,,,,,,,,,,,,,,,,
Penstemon pseudospectabilis,,,,,,,,,,,,,,,,,,,,,,,,
Penstemon rostriflorus,,,,,,,,,,,,,,,,,,,,,,,,
Penstemon serrulatus,,,,,,,,,,,,,,,,,,,,,,,,
Penstemon spectabilis,,,,,,,,,,,,,,,,,,,,,,,,
Penstemon strictus,,,,,,,,,,,,,,,,,,,,,,,,
Penstemon superbus,,,,,,,,,,,,,,,,,,,,,,,,
Penstemon tenuis,,,,,,,,,,,,,,,,,,,,,,,,
Penstemon thurberi,,,,,,,,,,,,,,,,,,,,,,,,
Penstemon tubaeflorus,,,,,,,,,,,,,,,,,,,,,,,,
Penstemon virens,,,,,,,,,,,,,,,,,,,,,,,,
Pentaphylloides floribunda,,,,,,,,,,,,,,,,,,,,,,,,
Peperomia obtusifolia,,,,,,,,,,,,,,,,,,,,,,,,
Perideridia gairdneri,,,,,,,,,,,,,,,,,,,,,,,,
Perideridia kelloggii,,,,,,,,,,,,,,,,,,,,,,,,
Perityle emoryi,,,,,,,,,,,,,,,,,,,,,,,,
Persea borbonia,,,,,,,,,,,,,,,,,,,,,,,,
Persea palustris,,,,,,,,,,,,,,,,,,,,,,,,
Persicaria amphibia,,,,,,,,,,,,,,,,,,,,,,,,
Persicaria hydropiperoides,,,,,,,,,,,,,,,,,,,,,,,,
Persicaria virginiana,,,,,,,,,,,,,,,,,,,,,,,,
Phacelia campanularia,,,,,,,,,,,,,,,,,,,,,,,,
Phacelia tanacetifolia,,,,,,,,,,,,,,,,,,,,,,,,
Phalaris arundinacea,,,,,,,,,,,,,,,,,,,,,,,,
Philadelphus lewisii,,,,,,,,,,,,,,,,,,,,,,,,
Philodendron hederaceum,,,,,,,,,,,,,,,,,,,,,,,,
Philodendron scandens,,,,,,,,,,,,,,,,,,,,,,,,
Phlox diffusa,,,,,,,,,,,,,,,,,,,,,,,,
Phlox divaricata,,,,,,,,,,,,,,,,,,,,,,,,
Phlox drummondii,,,,,,,,,,,,,,,,,,,,,,,,
Phlox multiflora,,,,,,,,,,,,,,,,,,,,,,,,
Phlox paniculata,,,,,,,,,,,,,,,,,,,,,,,,
Phlox pilosa,,,,,,,,,,,,,,,,,,,,,,,,
Phlox sibirica,,,,,,,,,,,,,,,,,,,,,,,,
Phlox stolonifera,,,,,,,,,,,,,,,,,,,,,,,,
Phlox subulata,,,,,,,,,,,,,,,,,,,,,,,,
Phyla nodiflora,,,,,,,,,,,,,,,,,,,,,,,,
Phyllodoce empetriformis,,,,,,,,,,,,,,,,,,,,,,,,
Physaria bellii,,,,,,,,,,,,,,,,,,,,,,,,
Physaria newberryi,,,,,,,,,,,,,,,,,,,,,,,,
Physocarpus capitatus,,,,,,,,,,,,,,,,,,,,,,,,
Physocarpus monogynus,,,,,,,,,,,,,,,,,,,,,,,,
Physocarpus opulifolius,,,,,,,,,,,,,,,,,,,,,,,,
Physostegia virginiana,,,,,,,,,,,,,,,,,,,,,,,,
Picea engelmannii,,,,,,,,,,,,,,,,,,,,,,,,
Picea glauca,,,,,,,,,,,,,,,,,,,,,,,,
Picea mariana,,,,,,,,,,,,,,,,,,,,,,,,
Picea pungens,,,,,,,,,,,,,,,,,,,,,,,,
Picea sitchensis,,,,,,,,,,,,,,,,,,,,,,,,
Pilea peploides,,,,,,,,,,,,,,,,,,,,,,,,
Pilea pumila,,,,,,,,,,,,,,,,,,,,,,,,
Pimenta racemosa,,,,,,,,,,,,,,,,,,,,,,,,
Pinus banksiana,,,,,,,,,,,,,,,,,,,,,,,,
Pinus clausa,,,,,,,,,,,,,,,,,,,,,,,,
Pinus contorta,,,,,,,,,,,,,,,,,,,,,,,,
Pinus edulis,,,,,,,,,,,,,,,,,,,,,,,,
Pinus elliottii,,,,,,,,,,,,,,,,,,,,,,,,
Pinus flexilis,,,,,,,,,,,,,,,,,,,,,,,,
Pinus glabra,,,,,,,,,,,,,,,,,,,,,,,,
Pinus palustris,,,,,,,,,,,,,,,,,,,,,,,,
Pinus ponderosa,,,,,,,,,,,,,,,,,,,,,,,,
Pinus resinosa,,,,,,,,,,,,,,,,,,,,,,,,
Pinus strobus,,,,,,,,,,,,,,,,,,,,,,,,
Pinus taeda,,,,,,,,,,,,,,,,,,,,,,,,
Pinus virginiana,,,,,,,,,,,,,,,,,,,,,,,,
Pipturus albidus,,,,,,,,,,,,,,,,,,,,,,,,
Pisonia aculeata,,,,,,,,,,,,,,,,,,,,,,,,
Pittosporum hosmeri,,,,,,,,,,,,,,,,,,,,,,,,
Pityopsis graminifolia,,,,,,,,,,,,,,,,,,,,,,,,
Platanus occidentalis,,,,,,,,,,,,,,,,,,,,,,,,
Platanus racemosa,,,,,,,,,,,,,,,,,,,,,,,,
Platanus wrightii,,,,,,,,,,,,,,,,,,,,,,,,
Pleomele auwahiensis,,,,,,,,,,,,,,,,,,,,,,,,
Pleomele hawaiiensis,,,,,,,,,,,,,,,,,,,,,,,,
Pluchea carolinensis,,,,,,,,,,,,,,,,,,,,,,,,
Pluchea odorata,,,,,,,,,,,,,,,,,,,,,,,,
Plumeria obtusa,,,,,,,,,,,,,,,,,,,,,,,,
Podophyllum peltatum,,,,,,,,,,,,,,,,,,,,,,,,
Polemonium boreale,,,,,,,,,,,,,,,,,,,,,,,,
Polemonium foliosissimum,,,,,,,,,,,,,,,,,,,,,,,,
Polemonium occidentale,,,,,,,,,,,,,,,,,,,,,,,,
Polemonium pulcherrimum,,,,,,,,,,,,,,,,,,,,,,,,
Polemonium reptans,,,,,,,,,,,,,,,,,,,,,,,,
Polemonium viscosum,,,,,,,,,,,,,,,,,,,,,,,,
Polygonatum biflorum,,,,,,,,,,,,,,,,,,,,,,,,
Polygonatum pubescens,,,,,,,,,,,,,,,,,,,,,,,,
Polygonum pensylvanicum,,,,,,,,,,,,,,,,,,,,,,,,
Polygonum virginianum,,,,,,,,,,,,,,,,,,,,,,,,
Polypodium californicum,,,,,,,,,,,,,,,,,,,,,,,,
Polypodium glycyrrhiza,,,,,,,,,,,,,,,,,,,,,,,,
Polystichum acrostichoides,,,,,,,,,,,,,,,,,,,,,,,,
Polystichum munitum,,,,,,,,,,,,,,,,,,,,,,,,
Pontederia cordata,,,,,,,,,,,,,,,,,,,,,,,,
Populus angustifolia,,,,,,,,,,,,,,,,,,,,,,,,
Populus balsamifera,,,,,,,,,,,,,,,,,,,,,,,,
Populus deltoides,,,,,,,,,,,,,,,,,,,,,,,,
Populus fremontii,,,,,,,,,,,,,,,,,,,,,,,,
Populus grandidentata,,,,,,,,,,,,,,,,,,,,,,,,
Populus mexicana,,,,,,,,,,,,,,,,,,,,,,,,
Populus tremuloides,,,,,,,,,,,,,,,,,,,,,,,,
Populus trichocarpa,,,,,,,,,,,,,,,,,,,,,,,,
Porophyllum scoparium,,,,,,,,,,,,,,,,,,,,,,,,
Potentilla anserina,,,,,,,,,,,,,,,,,,,,,,,,
Potentilla arguta,,,,,,,,,,,,,,,,,,,,,,,,
Potentilla fruticosa,,,,,,,,,,,,,,,,,,,,,,,,
Potentilla gracilis,,,,,,,,,,,,,,,,,,,,,,,,
Potentilla uniflora,,,,,,,,,,,,,,,,,,,,,,,,
Pouteria sandwicensis,,,,,,,,,,,,,,,,,,,,,,,,
Prenanthes alba,,,,,,,,,,,,,,,,,,,,,,,,
Prenanthes altissima,,,,,,,,,,,,,,,,,,,,,,,,
Prenanthes racemosa,,,,,,,,,,,,,,,,,,,,,,,,
Prenanthes serpentaria,,,,,,,,,,,,,,,,,,,,,,,,
Pritchardia beccariana,,,,,,,,,,,,,,,,,,,,,,,,
Pritchardia forbesiana,,,,,,,,,,,,,,,,,,,,,,,,
Pritchardia hardyi,,,,,,,,,,,,,,,,,,,,,,,,
Pritchardia hillebrandii,,,,,,,,,,,,,,,,,,,,,,,,
Pritchardia kaalae,,,,,,,,,,,,,,,,,,,,,,,,
Pritchardia lowreyana,,,,,,,,,,,,,,,,,,,,,,,,
Pritchardia maideniana,,,,,,,,,,,,,,,,,,,,,,,,
Pritchardia martii,,,,,,,,,,,,,,,,,,,,,,,,
Pritchardia minor,,,,,,,,,,,,,,,,,,,,,,,,
Pritchardia remota,,,,,,,,,,,,,,,,,,,,,,,,
Pritchardia schattaueri,,,,,,,,,,,,,,,,,,,,,,,,
Pritchardia viscosa,,,,,,,,,,,,,,,,,,,,,,,,
Prosopis glandulosa,,,,,,,,,,,,,,,,,,,,,,,,
Prosopis pubescens,,,,,,,,,,,,,,,,,,,,,,,,
Prosopis velutina,,,,,,,,,,,,,,,,,,,,,,,,
Prunella vulgaris,,,,,,,,,,,,,,,,,,,,,,,,
Prunus americana,,,,,,,,,,,,,,,,,,,,,,,,
Prunus angustifolia,,,,,,,,,,,,,,,,,,,,,,,,
Prunus besseyi,,,,,,,,,,,,,,,,,,,,,,,,
Prunus emarginata,,,,,,,,,,,,,,,,,,,,,,,,
Prunus ilicifolia,,,,,,,,,,,,,,,,,,,,,,,,
Prunus maritima,,,,,,,,,,,,,,,,,,,,,,,,
Prunus pensylvanica,,,,,,,,,,,,,,,,,,,,,,,,
Prunus serotina,,,,,,,,,,,,,,,,,,,,,,,,
Prunus virginiana,,,,,,,,,,,,,,,,,,,,,,,,
Pseudoroegneria spicata,,,,,,,,,,,,,,,,,,,,,,,,
Pseudotsuga menziesii,,,,,,,,,,,,,,,,,,,,,,,,
Psychotria hawaiiensis,,,,,,,,,,,,,,,,,,,,,,,,
Psychotria hexandra,,,,,,,,,,,,,,,,,,,,,,,,
Psychotria mariniana,,,,,,,,,,,,,,,,,,,,,,,,
Psychotria nervosa,,,,,,,,,,,,,,,,,,,,,,,,
Ptelea trifoliata,,,,,,,,,,,,,,,,,,,,,,,,
Pteridium aquilinum,,,,,,,,,,,,,,,,,,,,,,,,
Pterocarpus officinalis,,,,,,,,,,,,,,,,,,,,,,,,
Pulsatilla patens,,,,,,,,,,,,,,,,,,,,,,,,
Purshia tridentata,,,,,,,,,,,,,,,,,,,,,,,,
Pycnanthemum flexuosum,,,,,,,,,,,,,,,,,,,,,,,,
Pycnanthemum incanum,,,,,,,,,,,,,,,,,,,,,,,,
Pycnanthemum muticum,,,,,,,,,,,,,,,,,,,,,,,,
Pycnanthemum tenuifolium,,,,,,,,,,,,,,,,,,,,,,,,
Pycnanthemum virginianum,,,,,,,,,,,,,,,,,,,,,,,,
Quercus agrifolia,,,,,,,,,,,,,,,,,,,,,,,,
Quercus alba,,,,,,,,,,,,,,,,,,,,,,,,
Quercus berberidifolia,,,,,,,,,,,,,,,,,,,,,,,,
Quercus bicolor,,,,,,,,,,,,,,,,,,,,,,,,
Quercus chrysolepis,,,,,,,,,,,,,,,,,,,,,,,,
Quercus coccinea,,,,,,,,,,,,,,,,,,,,,,,,
Quercus douglasii,,,,,,,,,,,,,,,,,,,,,,,,
Quercus emoryi,,,,,,,,,,,,,,,,,,,,,,,,
Quercus falcata,,,,,,,,,,,,,,,,,,,,,,,,
Quercus gambelii,,,,,,,,,,,,,,,,,,,,,,,,
Quercus garryana,,,,,,,,,,,,,,,,,,,,,,,,
Quercus geminata,,,,,,,,,,,,,,,,,,,,,,,,
Quercus gravesii,,,,,,,,,,,,,,,,,,,,,,,,
Quercus grisea,,,,,,,,,,,,,,,,,,,,,,,,
Quercus hypoleucoides,,,,,,,,,,,,,,,,,,,,,,,,
Quercus laceyi,,,,,,,,,,,,,,,,,,,,,,,,
Quercus laevis,,,,,,,,,,,,,,,,,,,,,,,,
Quercus laurifolia,,,,,,,,,,,,,,,,,,,,,,,,
Quercus lobata,,,,,,,,,,,,,,,,,,,,,,,,
Quercus macrocarpa,,,,,,,,,,,,,,,,,,,,,,,,
Quercus marilandica,,,,,,,,,,,,,,,,,,,,,,,,
Quercus michauxii,,,,,,,,,,,,,,,,,,,,,,,,
Quercus muehlenbergii,,,,,,,,,,,,,,,,,,,,,,,,
Quercus nigra,,,,,,,,,,,,,,,,,,,,,,,,
Quercus palmeri,,,,,,,,,,,,,,,,,,,,,,,,
Quercus palustris,,,,,,,,,,,,,,,,,,,,,,,,
Quercus phellos,,,,,,,,,,,,,,,,,,,,,,,,
Quercus rubra,,,,,,,,,,,,,,,,,,,,,,,,
Quercus shumardii,,,,,,,,,,,,,,,,,,,,,,,,
Quercus stellata,,,,,,,,,,,,,,,,,,,,,,,,
Quercus texana,,,,,,,,,,,,,,,,,,,,,,,,
Quercus turbinella,,,,,,,,,,,,,,,,,,,,,,,,
Quercus velutina,,,,,,,,,,,,,,,,,,,,,,,,
Quercus virginiana,,,,,,,,,,,,,,,,,,,,,,,,
Quercus wislizeni,,,,,,,,,,,,,,,,,,,,,,,,
Randia aculeata,,,,,,,,,,,,,,,,,,,,,,,,
Ranunculus hispidus,,,,,,,,,,,,,,,,,,,,,,,,
Ratibida columnaris,,,,,,,,,,,,,,,,,,,,,,,,
Ratibida columnifera,,,,,,,,,,,,,,,,,,,,,,,,
Ratibida pinnata,,,,,,,,,,,,,,,,,,,,,,,,
Rhamnus californica,,,,,,,,,,,,,,,,,,,,,,,,
Rhamnus ilicifolia,,,,,,,,,,,,,,,,,,,,,,,,
Rhapidophyllum hystrix,,,,,,,,,,,,,,,,,,,,,,,,
Rhizophora mangle,,,,,,,,,,,,,,,,,,,,,,,,
Rhododendron austrinum,,,,,,,,,,,,,,,,,,,,,,,,
Rhododendron canescens,,,,,,,,,,,,,,,,,,,,,,,,
Rhododendron maximum,,,,,,,,,,,,,,,,,,,,,,,,
Rhododendron viscosum,,,,,,,,,,,,,,,,,,,,,,,,
Rhus aromatica,,,,,,,,,,,,,,,,,,,,,,,,
Rhus copallinum,,,,,,,,,,,,,,,,,,,,,,,,
Rhus glabra,,,,,,,,,,,,,,,,,,,,,,,,
Rhus integrifolia,,,,,,,,,,,,,,,,,,,,,,,,
Rhus microphylla,,,,,,,,,,,,,,,,,,,,,,,,
Rhus ovata,,,,,,,,,,,,,,,,,,,,,,,,
Rhus trilobata,,,,,,,,,,,,,,,,,,,,,,,,
Rhus typhina,,,,,,,,,,,,,,,,,,,,,,,,
Rhus virens,,,,,,,,,,,,,,,,,,,,,,,,
Ribes aureum,,,,,,,,,,,,,,,,,,,,,,,,
Ribes cereum,,,,,,,,,,,,,,,,,,,,,,,,
Ribes hudsonianum,,,,,,,,,,,,,,,,,,,,,,,,
Ribes inerme,,,,,,,,,,,,,,,,,,,,,,,,
Ribes lacustre,,,,,,,,,,,,,,,,,,,,,,,,
Ribes malvaceum,,,,,,,,,,,,,,,,,,,,,,,,
Ribes montigenum,,,,,,,,,,,,,,,,,,,,,,,,
Ribes sanguineum,,,,,,,,,,,,,,,,,,,,,,,,
Ribes speciosum,,,,,,,,,,,,,,,,,,,,,,,,
Ribes triste,,,,,,,,,,,,,,,,,,,,,,,,
Ribes viscosissimum,,,,,,,,,,,,,,,,,,,,,,,,
Romneya coulteri,,,,,,,,,,,,,,,,,,,,,,,,
Rosa acicularis,,,,,,,,,,,,,,,,,,,,,,,,
Rosa blanda,,,,,,,,,,,,,,,,,,,,,,,,
Rosa californica,,,,,,,,,,,,,,,,,,,,,,,,
Rosa carolina,,,,,,,,,,,,,,,,,,,,,,,,
Rosa gymnocarpa,,,,,,,,,,,,,,,,,,,,,,,,
Rosa nutkana,,,,,,,,,,,,,,,,,,,,,,,,
Rosa palustris,,,,,,,,,,,,,,,,,,,,,,,,
Rosa woodsii,,,,,,,,,,,,,,,,,,,,,,,,
Rubus chamaemorus,,,,,,,,,,,,,,,,,,,,,,,,
Rubus deliciosus,,,,,,,,,,,,,,,,,,,,,,,,
Rubus idaeus,,,,,,,,,,,,,,,,,,,,,,,,
Rubus occidentalis,,,,,,,,,,,,,,,,,,,,,,,,
Rubus odoratus,,,,,,,,,,,,,,,,,,,,,,,,
Rubus parviflorus,,,,,,,,,,,,,,,,,,,,,,,,
Rubus pubescens,,,,,,,,,,,,,,,,,,,,,,,,
Rubus spectabilis,,,,,,,,,,,,,,,,,,,,,,,,
Rubus ursinus,,,,,,,,,,,,,,,,,,,,,,,,
Rudbeckia fulgida,,,,,,,,,,,,,,,,,,,,,,,,
Rudbeckia hirta,,,,,,,,,,,,,,,,,,,,,,,,
Rudbeckia laciniata,,,,,,,,,,,,,,,,,,,,,,,,
Rudbeckia maxima,,,,,,,,,,,,,,,,,,,,,,,,
Rudbeckia subtomentosa,,,,,,,,,,,,,,,,,,,,,,,,
Rudbeckia texana,,,,,,,,,,,,,,,,,,,,,,,,
Rudbeckia triloba,,,,,,,,,,,,,,,,,,,,,,,,
Ruellia caroliniensis,,,,,,,,,,,,,,,,,,,,,,,,
Ruellia humilis,,,,,,,,,,,,,,,,,,,,,,,,
Ruellia nudiflora,,,,,,,,,,,,,,,,,,,,,,,,
Ruellia tuberosa,,,,,,,,,,,,,,,,,,,,,,,,
Sabal etonia,,,,,,,,,,,,,,,,,,,,,,,,
Sabal minor,,,,,,,,,,,,,,,,,,,,,,,,
Sabal palmetto,,,,,,,,,,,,,,,,,,,,,,,,
Sagittaria lancifolia,,,,,,,,,,,,,,,,,,,,,,,,
Sagittaria latifolia,,,,,,,,,,,,,,,,,,,,,,,,
Salix amygdaloides,,,,,,,,,,,,,,,,,,,,,,,,
Salix bebbiana,,,,,,,,,,,,,,,,,,,,,,,,
Salix caroliniana,,,,,,,,,,,,,,,,,,,,,,,,
Salix discolor,,,,,,,,,,,,,,,,,,,,,,,,
Salix exigua,,,,,,,,,,,,,,,,,,,,,,,,
Salix fuscescens,,,,,,,,,,,,,,,,,,,,,,,,
Salix glauca,,,,,,,,,,,,,,,,,,,,,,,,
Salix gooddingii,,,,,,,,,,,,,,,,,,,,,,,,
Salix laevigata,,,,,,,,,,,,,,,,,,,,,,,,
Salix lasiandra,,,,,,,,,,,,,,,,,,,,,,,,
Salix lasiolepis,,,,,,,,,,,,,,,,,,,,,,,,
Salix lucida,,,,,,,,,,,,,,,,,,,,,,,,
Salix nigra,,,,,,,,,,,,,,,,,,,,,,,,
Salix pulchra,,,,,,,,,,,,,,,,,,,,,,,,
Salix scouleriana,,,,,,,,,,,,,,,,,,,,,,,,
Salix sitchensis,,,,,,,,,,,,,,,,,,,,,,,,
Salvia apiana,,,,,,,,,,,,,,,,,,,,,,,,
Salvia azurea,,,,,,,,,,,,,,,,,,,,,,,,
Salvia ballotiflora,,,,,,,,,,,,,,,,,,,,,,,,
Salvia brandegeei,,,,,,,,,,,,,,,,,,,,,,,,
Salvia clevelandii,,,,,,,,,,,,,,,,,,,,,,,,
Salvia coccinea,,,,,,,,,,,,,,,,,,,,,,,,
Salvia dorrii,,,,,,,,,,,,,,,,,,,,,,,,
Salvia engelmannii,,,,,,,,,,,,,,,,,,,,,,,,
Salvia farinacea,,,,,,,,,,,,,,,,,,,,,,,,
Salvia greggii,,,,,,,,,,,,,,,,,,,,,,,,
Salvia leucophylla,,,,,,,,,,,,,,,,,,,,,,,,
Salvia lyrata,,,,,,,,,,,,,,,,,,,,,,,,
Salvia mellifera,,,,,,,,,,,,,,,,,,,,,,,,
Salvia munzii,,,,,,,,,,,,,,,,,,,,,,,,
Salvia pachyphylla,,,,,,,,,,,,,,,,,,,,,,,,
Salvia regla,,,,,,,,,,,,,,,,,,,,,,,,
Salvia roemeriana,,,,,,,,,,,,,,,,,,,,,,,,
Salvia sonomensis,,,,,,,,,,,,,,,,,,,,,,,,
Salvia spathacea,,,,,,,,,,,,,,,,,,,,,,,,
Salvia texana,,,,,,,,,,,,,,,,,,,,,,,,
Sambucus canadensis,,,,,,,,,,,,,,,,,,,,,,,,
Sambucus cerulea,,,,,,,,,,,,,,,,,,,,,,,,
Sambucus mexicana,,,,,,,,,,,,,,,,,,,,,,,,
Sambucus nigra,,,,,,,,,,,,,,,,,,,,,,,,
Sambucus racemosa,,,,,,,,,,,,,,,,,,,,,,,,
Sanguinaria canadensis,,,,,,,,,,,,,,,,,,,,,,,,
Sanguisorba canadensis,,,,,,,,,,,,,,,,,,,,,,,,
Sanguisorba officinalis,,,,,,,,,,,,,,,,,,,,,,,,
Santalum ellipticum,,,,,,,,,,,,,,,,,,,,,,,,
Sarcobatus vermiculatus,,,,,,,,,,,,,,,,,,,,,,,,
Sarracenia flava,,,,,,,,,,,,,,,,,,,,,,,,
Sarracenia psittacina,,,,,,,,,,,,,,,,,,,,,,,,
Sarracenia purpurea,,,,,,,,,,,,,,,,,,,,,,,,
Sassafras albidum,,,,,,,,,,,,,,,,,,,,,,,,
Satureja douglasii,,,,,,,,,,,,,,,,,,,,,,,,
Saururus cernuus,,,,,,,,,,,,,,,,,,,,,,,,
Saxifraga bronchialis,,,,,,,,,,,,,,,,,,,,,,,,
Saxifraga californica,,,,,,,,,,,,,,,,,,,,,,,,
Saxifraga cernua,,,,,,,,,,,,,,,,,,,,,,,,
Saxifraga mertensiana,,,,,,,,,,,,,,,,,,,,,,,,
Saxifraga oppositifolia,,,,,,,,,,,,,,,,,,,,,,,,
Saxifraga pensylvanica,,,,,,,,,,,,,,,,,,,,,,,,
Saxifraga punctata,,,,,,,,,,,,,,,,,,,,,,,,
Saxifraga rivularis,,,,,,,,,,,,,,,,,,,,,,,,
Scaevola chamissoniana,,,,,,,,,,,,,,,,,,,,,,,,
Scaevola coriacea,,,,,,,,,,,,,,,,,,,,,,,,
Scaevola gaudichaudiana,,,,,,,,,,,,,,,,,,,,,,,,
Scaevola gaudichaudii,,,,,,,,,,,,,,,,,,,,,,,,
Scaevola plumieri,,,,,,,,,,,,,,,,,,,,,,,,
Scaevola sericea,,,,,,,,,,,,,,,,,,,,,,,,
Schizachyrium scoparium,,,,,,,,,,,,,,,,,,,,,,,,
Schoenoplectus acutus,,,,,,,,,,,,,,,,,,,,,,,,
Scirpus atrovirens,,,,,,,,,,,,,,,,,,,,,,,,
Scirpus californicus,,,,,,,,,,,,,,,,,,,,,,,,
Scirpus cyperinus,,,,,,,,,,,,,,,,,,,,,,,,
Scirpus microcarpus,,,,,,,,,,,,,,,,,,,,,,,,
Scutellaria drummondii,,,,,,,,,,,,,,,,,,,,,,,,
Scutellaria incana,,,,,,,,,,,,,,,,,,,,,,,,
Scutellaria integrifolia,,,,,,,,,,,,,,,,,,,,,,,,
Scutellaria lateriflora,,,,,,,,,,,,,,,,,,,,,,,,
Scutellaria ovata,,,,,,,,,,,,,,,,,,,,,,,,
Scutellaria parvula,,,,,,,,,,,,,,,,,,,,,,,,
Sedum lanceolatum,,,,,,,,,,,,,,,,,,,,,,,,
Sedum pulchellum,,,,,,,,,,,,,,,,,,,,,,,,
Sedum spathulifolium,,,,,,,,,,,,,,,,,,,,,,,,
Sedum ternatum,,,,,,,,,,,,,,,,,,,,,,,,
Selaginella arbuscula,,,,,,,,,,,,,,,,,,,,,,,,
Senecio congestus,,,,,,,,,,,,,,,,,,,,,,,,
Senecio triangularis,,,,,,,,,,,,,,,,,,,,,,,,
Senna covesii,,,,,,,,,,,,,,,,,,,,,,,,
Senna lindheimeriana,,,,,,,,,,,,,,,,,,,,,,,,
Senna marilandica,,,,,,,,,,,,,,,,,,,,,,,,
Senna roemeriana,,,,,,,,,,,,,,,,,,,,,,,,
Serenoa repens,,,,,,,,,,,,,,,,,,,,,,,,
Shepherdia canadensis,,,,,,,,,,,,,,,,,,,,,,,,
Sida acuta,,,,,,,,,,,,,,,,,,,,,,,,
Sidalcea campestris,,,,,,,,,,,,,,,,,,,,,,,,
Sidalcea malviflora,,,,,,,,,,,,,,,,,,,,,,,,
Sideroxylon foetidissimum,,,,,,,,,,,,,,,,,,,,,,,,
Silene acaulis,,,,,,,,,,,,,,,,,,,,,,,,
Silene regia,,,,,,,,,,,,,,,,,,,,,,,,
Silene stellata,,,,,,,,,,,,,,,,,,,,,,,,
Silene virginica,,,,,,,,,,,,,,,,,,,,,,,,
Silphium integrifolium,,,,,,,,,,,,,,,,,,,,,,,,
Silphium laciniatum,,,,,,,,,,,,,,,,,,,,,,,,
Silphium perfoliatum,,,,,,,,,,,,,,,,,,,,,,,,
Silphium terebinthinaceum,,,,,,,,,,,,,,,,,,,,,,,,
Simmondsia chinensis,,,,,,,,,,,,,,,,,,,,,,,,
Sisyrinchium angustifolium,,,,,,,,,,,,,,,,,,,,,,,,
Sisyrinchium bellum,,,,,,,,,,,,,,,,,,,,,,,,
Sisyrinchium californicum,,,,,,,,,,,,,,,,,,,,,,,,
Sisyrinchium idahoense,,,,,,,,,,,,,,,,,,,,,,,,
Sisyrinchium montanum,,,,,,,,,,,,,,,,,,,,,,,,
Sium suave,,,,,,,,,,,,,,,,,,,,,,,,
Smilacina racemosa,,,,,,,,,,,,,,,,,,,,,,,,
Smilacina stellata,,,,,,,,,,,,,,,,,,,,,,,,
Smilax bona-nox,,,,,,,,,,,,,,,,,,,,,,,,
Smilax rotundifolia,,,,,,,,,,,,,,,,,,,,,,,,
Smilax tamnoides,,,,,,,,,,,,,,,,,,,,,,,,
Solanum mammosum,,,,,,,,,,,,,,,,,,,,,,,,
Solidago altissima,,,,,,,,,,,,,,,,,,,,,,,,
Solidago caesia,,,,,,,,,,,,,,,,,,,,,,,,
Solidago californica,,,,,,,,,,,,,,,,,,,,,,,,
Solidago fistulosa,,,,,,,,,,,,,,,,,,,,,,,,
Solidago flexicaulis,,,,,,,,,,,,,,,,,,,,,,,,
Solidago gigantea,,,,,,,,,,,,,,,,,,,,,,,,
Solidago missouriensis,,,,,,,,,,,,,,,,,,,,,,,,
Solidago multiradiata,,,,,,,,,,,,,,,,,,,,,,,,
Solidago nemoralis,,,,,,,,,,,,,,,,,,,,,,,,
Solidago odora,,,,,,,,,,,,,,,,,,,,,,,,
Solidago ohioensis,,,,,,,,,,,,,,,,,,,,,,,,
Solidago patula,,,,,,,,,,,,,,,,,,,,,,,,
Solidago rigida,,,,,,,,,,,,,,,,,,,,,,,,
Solidago rugosa,,,,,,,,,,,,,,,,,,,,,,,,
Solidago sempervirens,,,,,,,,,,,,,,,,,,,,,,,,
Solidago simplex,,,,,,,,,,,,,,,,,,,,,,,,
Solidago speciosa,,,,,,,,,,,,,,,,,,,,,,,,
Solidago uliginosa,,,,,,,,,,,,,,,,,,,,,,,,
Solidago ulmifolia,,,,,,,,,,,,,,,,,,,,,,,,
Solidago velutina,,,,,,,,,,,,,,,,,,,,,,,,
Sophora chrysophylla,,,,,,,,,,,,,,,,,,,,,,,,
Sorbus sitchensis,,,,,,,,,,,,,,,,,,,,,,,,
Sorghastrum nutans,,,,,,,,,,,,,,,,,,,,,,,,
Spartina alterniflora,,,,,,,,,,,,,,,,,,,,,,,,
Spartina bakeri,,,,,,,,,,,,,,,,,,,,,,,,
Spartina patens,,,,,,,,,,,,,,,,,,,,,,,,
Sphaeralcea ambigua,,,,,,,,,,,,,,,,,,,,,,,,
Sphaeralcea angustifolia,,,,,,,,,,,,,,,,,,,,,,,,
Sphaeralcea coccinea,,,,,,,,,,,,,,,,,,,,,,,,
Sphaeralcea grossulariifolia,,,,,,,,,,,,,,,,,,,,,,,,
Sphaeralcea munroana,,,,,,,,,,,,,,,,,,,,,,,,
Spiraea alba,,,,,,,,,,,,,,,,,,,,,,,,
Spiraea douglasii,,,,,,,,,,,,,,,,,,,,,,,,
Spiraea stevenii,,,,,,,,,,,,,,,,,,,,,,,,
Spiranthes cernua,,,,,,,,,,,,,,,,,,,,,,,,
Sporobolus airoides,,,,,,,,,,,,,,,,,,,,,,,,
Sporobolus cryptandrus,,,,,,,,,,,,,,,,,,,,,,,,
Sporobolus heterolepis,,,,,,,,,,,,,,,,,,,,,,,,
Stachys coccinea,,,,,,,,,,,,,,,,,,,,,,,,
Stachytarpheta jamaicensis,,,,,,,,,,,,,,,,,,,,,,,,
Stenocereus thurberi,,,,,,,,,,,,,,,,,,,,,,,,
Stenotaphrum secundatum,,,,,,,,,,,,,,,,,,,,,,,,
Stipa comata,,,,,,,,,,,,,,,,,,,,,,,,
Stipa hymenoides,,,,,,,,,,,,,,,,,,,,,,,,
Stipa pulchra,,,,,,,,,,,,,,,,,,,,,,,,
Stipa speciosa,,,,,,,,,,,,,,,,,,,,,,,,
Stokesia laevis,,,,,,,,,,,,,,,,,,,,,,,,
Stylophorum diphyllum,,,,,,,,,,,,,,,,,,,,,,,,
Symphoricarpos albus,,,,,,,,,,,,,,,,,,,,,,,,
Symphoricarpos mollis,,,,,,,,,,,,,,,,,,,,,,,,
Symphoricarpos orbiculatus,,,,,,,,,,,,,,,,,,,,,,,,
Symphoricarpos oreophilus,,,,,,,,,,,,,,,,,,,,,,,,
Symphoricarpos rotundifolius,,,,,,,,,,,,,,,,,,,,,,,,
Symphyotrichum ascendens,,,,,,,,,,,,,,,,,,,,,,,,
Symphyotrichum boreale,,,,,,,,,,,,,,,,,,,,,,,,
Symphyotrichum chilense,,,,,,,,,,,,,,,,,,,,,,,,
Symphyotrichum ciliolatum,,,,,,,,,,,,,,,,,,,,,,,,
Symphyotrichum cordifolium,,,,,,,,,,,,,,,,,,,,,,,,
Symphyotrichum drummondii,,,,,,,,,,,,,,,,,,,,,,,,
Symphyotrichum dumosum,,,,,,,,,,,,,,,,,,,,,,,,
Symphyotrichum ericoides,,,,,,,,,,,,,,,,,,,,,,,,
Symphyotrichum falcatum,,,,,,,,,,,,,,,,,,,,,,,,
Symphyotrichum foliaceum,,,,,,,,,,,,,,,,,,,,,,,,
Symphyotrichum laeve,,,,,,,,,,,,,,,,,,,,,,,,
Symphyotrichum lanceolatum,,,,,,,,,,,,,,,,,,,,,,,,
Symphyotrichum lateriflorum,,,,,,,,,,,,,,,,,,,,,,,,
Symphyotrichum novae-angliae,,,,,,,,,,,,,,,,,,,,,,,,
Symphyotrichum novi-belgii,,,,,,,,,,,,,,,,,,,,,,,,
Symphyotrichum oblongifolium,,,,,,,,,,,,,,,,,,,,,,,,
Symphyotrichum oolentangiense,,,,,,,,,,,,,,,,,,,,,,,,
Symphyotrichum patens,,,,,,,,,,,,,,,,,,,,,,,,
Symphyotrichum pilosum,,,,,,,,,,,,,,,,,,,,,,,,
Symphyotrichum puniceum,,,,,,,,,,,,,,,,,,,,,,,,
Symphyotrichum racemosum,,,,,,,,,,,,,,,,,,,,,,,,
Symphyotrichum sericeum,,,,,,,,,,,,,,,,,,,,,,,,
Symphyotrichum shortii,,,,,,,,,,,,,,,,,,,,,,,,
Symphyotrichum tenuifolium,,,,,,,,,,,,,,,,,,,,,,,,
Symphyotrichum undulatum,,,,,,,,,,,,,,,,,,,,,,,,
Symplocarpus foetidus,,,,,,,,,,,,,,,,,,,,,,,,
Tabebuia heterophylla,,,,,,,,,,,,,,,,,,,,,,,,
Taraxacum officinale,,,,,,,,,,,,,,,,,,,,,,,,
Taxodium ascendens,,,,,,,,,,,,,,,,,,,,,,,,
Taxodium distichum,,,,,,,,,,,,,,,,,,,,,,,,
Tecoma stans,,,,,,,,,,,,,,,,,,,,,,,,
Tellima grandiflora,,,,,,,,,,,,,,,,,,,,,,,,
Tetraclea coulteri,,,,,,,,,,,,,,,,,,,,,,,,
Tetraneuris acaulis,,,,,,,,,,,,,,,,,,,,,,,,
Tetraneuris scaposa,,,,,,,,,,,,,,,,,,,,,,,,
Thalia dealbata,,,,,,,,,,,,,,,,,,,,,,,,
Thalia geniculata,,,,,,,,,,,,,,,,,,,,,,,,
Thalictrum alpinum,,,,,,,,,,,,,,,,,,,,,,,,
Thalictrum dasycarpum,,,,,,,,,,,,,,,,,,,,,,,,
Thalictrum dioicum,,,,,,,,,,,,,,,,,,,,,,,,
Thalictrum fendleri,,,,,,,,,,,,,,,,,,,,,,,,
Thalictrum occidentale,,,,,,,,,,,,,,,,,,,,,,,,
Thalictrum pubescens,,,,,,,,,,,,,,,,,,,,,,,,
Thalictrum thalictroides,,,,,,,,,,,,,,,,,,,,,,,,
Thalictrum venulosum,,,,,,,,,,,,,,,,,,,,,,,,
Thaspium trifoliatum,,,,,,,,,,,,,,,,,,,,,,,,
Thelesperma filifolium,,,,,,,,,,,,,,,,,,,,,,,,
Thelypteris interrupta,,,,,,,,,,,,,,,,,,,,,,,,
Thelypteris kunthii,,,,,,,,,,,,,,,,,,,,,,,,
Thelypteris normalis,,,,,,,,,,,,,,,,,,,,,,,,
Thelypteris noveboracensis,,,,,,,,,,,,,,,,,,,,,,,,
Thelypteris ovata,,,,,,,,,,,,,,,,,,,,,,,,
Thelypteris palustris,,,,,,,,,,,,,,,,,,,,,,,,
Thelypteris puberula,,,,,,,,,,,,,,,,,,,,,,,,
Thelypteris serrata,,,,,,,,,,,,,,,,,,,,,,,,
Thelypteris simulata,,,,,,,,,,,,,,,,,,,,,,,,
Thermopsis divaricarpa,,,,,,,,,,,,,,,,,,,,,,,,
Thermopsis montana,,,,,,,,,,,,,,,,,,,,,,,,
Thermopsis rhombifolia,,,,,,,,,,,,,,,,,,,,,,,,
Thespesia grandiflora,,,,,,,,,,,,,,,,,,,,,,,,
Thrinax radiata,,,,,,,,,,,,,,,,,,,,,,,,
Thuja occidentalis,,,,,,,,,,,,,,,,,,,,,,,,
Thuja plicata,,,,,,,,,,,,,,,,,,,,,,,,
Thymophylla tenuiloba,,,,,,,,,,,,,,,,,,,,,,,,
Tiarella cordifolia,,,,,,,,,,,,,,,,,,,,,,,,
Tiarella trifoliata,,,,,,,,,,,,,,,,,,,,,,,,
Tiarella unifoliata,,,,,,,,,,,,,,,,,,,,,,,,
Tiarella wherryi,,,,,,,,,,,,,,,,,,,,,,,,
Tidestromia oblongifolia,,,,,,,,,,,,,,,,,,,,,,,,
Tilia americana,,,,,,,,,,,,,,,,,,,,,,,,
Tillandsia fasciculata,,,,,,,,,,,,,,,,,,,,,,,,
Tillandsia usneoides,,,,,,,,,,,,,,,,,,,,,,,,
Tolmiea menziesii,,,,,,,,,,,,,,,,,,,,,,,,
Tradescantia gigantea,,,,,,,,,,,,,,,,,,,,,,,,
Tradescantia occidentalis,,,,,,,,,,,,,,,,,,,,,,,,
Tradescantia ohiensis,,,,,,,,,,,,,,,,,,,,,,,,
Tradescantia virginiana,,,,,,,,,,,,,,,,,,,,,,,,
Triadenum virginicum,,,,,,,,,,,,,,,,,,,,,,,,
Trichostema lanatum,,,,,,,,,,,,,,,,,,,,,,,,
Trifolium wormskioldii,,,,,,,,,,,,,,,,,,,,,,,,
Trillium catesbaei,,,,,,,,,,,,,,,,,,,,,,,,
Trillium cernuum,,,,,,,,,,,,,,,,,,,,,,,,
Trillium cuneatum,,,,,,,,,,,,,,,,,,,,,,,,
Trillium erectum,,,,,,,,,,,,,,,,,,,,,,,,
Trillium gracile,,,,,,,,,,,,,,,,,,,,,,,,
Trillium grandiflorum,,,,,,,,,,,,,,,,,,,,,,,,
Trillium luteum,,,,,,,,,,,,,,,,,,,,,,,,
Trillium ovatum,,,,,,,,,,,,,,,,,,,,,,,,
Trillium recurvatum,,,,,,,,,,,,,,,,,,,,,,,,
Triteleia grandiflora,,,,,,,,,,,,,,,,,,,,,,,,
Triteleia ixioides,,,,,,,,,,,,,,,,,,,,,,,,
Triteleia laxa,,,,,,,,,,,,,,,,,,,,,,,,
Trollius laxus,,,,,,,,,,,,,,,,,,,,,,,,
Tsuga canadensis,,,,,,,,,,,,,,,,,,,,,,,,
Tsuga heterophylla,,,,,,,,,,,,,,,,,,,,,,,,
Typha angustifolia,,,,,,,,,,,,,,,,,,,,,,,,
Typha domingensis,,,,,,,,,,,,,,,,,,,,,,,,
Typha latifolia,,,,,,,,,,,,,,,,,,,,,,,,
Ulmus americana,,,,,,,,,,,,,,,,,,,,,,,,
Ulmus crassifolia,,,,,,,,,,,,,,,,,,,,,,,,
Umbellularia californica,,,,,,,,,,,,,,,,,,,,,,,,
Urtica dioica,,,,,,,,,,,,,,,,,,,,,,,,
Uvularia grandiflora,,,,,,,,,,,,,,,,,,,,,,,,
Uvularia perfoliata,,,,,,,,,,,,,,,,,,,,,,,,
Uvularia sessilifolia,,,,,,,,,,,,,,,,,,,,,,,,
Vaccinium alaskaense,,,,,,,,,,,,,,,,,,,,,,,,
Vaccinium angustifolium,,,,,,,,,,,,,,,,,,,,,,,,
Vaccinium arboreum,,,,,,,,,,,,,,,,,,,,,,,,
Vaccinium caespitosum,,,,,,,,,,,,,,,,,,,,,,,,
Vaccinium calycinum,,,,,,,,,,,,,,,,,,,,,,,,
Vaccinium corymbosum,,,,,,,,,,,,,,,,,,,,,,,,
Vaccinium darrowii,,,,,,,,,,,,,,,,,,,,,,,,
Vaccinium deliciosum,,,,,,,,,,,,,,,,,,,,,,,,
Vaccinium membranaceum,,,,,,,,,,,,,,,,,,,,,,,,
Vaccinium myrtilloides,,,,,,,,,,,,,,,,,,,,,,,,
Vaccinium myrtillus,,,,,,,,,,,,,,,,,,,,,,,,
Vaccinium ovalifolium,,,,,,,,,,,,,,,,,,,,,,,,
Vaccinium ovatum,,,,,,,,,,,,,,,,,,,,,,,,
Vaccinium pallidum,,,,,,,,,,,,,,,,,,,,,,,,
Vaccinium parvifolium,,,,,,,,,,,,,,,,,,,,,,,,
Vaccinium reticulatum,,,,,,,,,,,,,,,,,,,,,,,,
Vaccinium uliginosum,,,,,,,,,,,,,,,,,,,,,,,,
Vaccinium vitis-idaea,,,,,,,,,,,,,,,,,,,,,,,,
Valeriana edulis,,,,,,,,,,,,,,,,,,,,,,,,
Valeriana sitchensis,,,,,,,,,,,,,,,,,,,,,,,,
Vancouveria hexandra,,,,,,,,,,,,,,,,,,,,,,,,
Veratrum californicum,,,,,,,,,,,,,,,,,,,,,,,,
Veratrum viride,,,,,,,,,,,,,,,,,,,,,,,,
Verbena bipinnatifida,,,,,,,,,,,,,,,,,,,,,,,,
Verbena canadensis,,,,,,,,,,,,,,,,,,,,,,,,
Verbena canescens,,,,,,,,,,,,,,,,,,,,,,,,
Verbena gooddingii,,,,,,,,,,,,,,,,,,,,,,,,
Verbena hastata,,,,,,,,,,,,,,,,,,,,,,,,
Verbena lasiostachys,,,,,,,,,,,,,,,,,,,,,,,,
Verbena stricta,,,,,,,,,,,,,,,,,,,,,,,,
Verbesina alternifolia,,,,,,,,,,,,,,,,,,,,,,,,
Verbesina occidentalis,,,,,,,,,,,,,,,,,,,,,,,,
Verbesina virginica,,,,,,,,,,,,,,,,,,,,,,,,
Vernonia altissima,,,,,,,,,,,,,,,,,,,,,,,,
Vernonia baldwinii,,,,,,,,,,,,,,,,,,,,,,,,
Vernonia fasciculata,,,,,,,,,,,,,,,,,,,,,,,,
Vernonia gigantea,,,,,,,,,,,,,,,,,,,,,,,,
Vernonia glauca,,,,,,,,,,,,,,,,,,,,,,,,
Vernonia missurica,,,,,,,,,,,,,,,,,,,,,,,,
Vernonia noveboracensis,,,,,,,,,,,,,,,,,,,,,,,,
Veronica americana,,,,,,,,,,,,,,,,,,,,,,,,
Veronicastrum virginicum,,,,,,,,,,,,,,,,,,,,,,,,
Viburnum acerifolium,,,,,,,,,,,,,,,,,,,,,,,,
Viburnum dentatum,,,,,,,,,,,,,,,,,,,,,,,,
Viburnum edule,,,,,,,,,,,,,,,,,,,,,,,,
Viburnum lentago,,,,,,,,,,,,,,,,,,,,,,,,
Viburnum nudum,,,,,,,,,,,,,,,,,,,,,,,,
Viburnum obovatum,,,,,,,,,,,,,,,,,,,,,,,,
Viburnum opulus,,,,,,,,,,,,,,,,,,,,,,,,
Viburnum prunifolium,,,,,,,,,,,,,,,,,,,,,,,,
Viburnum rufidulum,,,,,,,,,,,,,,,,,,,,,,,,
Viburnum trilobum,,,,,,,,,,,,,,,,,,,,,,,,
Vicia americana,,,,,,,,,,,,,,,,,,,,,,,,
Viguiera multiflora,,,,,,,,,,,,,,,,,,,,,,,,
Viguiera stenoloba,,,,,,,,,,,,,,,,,,,,,,,,
Viola adunca,,,,,,,,,,,,,,,,,,,,,,,,
Viola canadensis,,,,,,,,,,,,,,,,,,,,,,,,
Viola cucullata,,,,,,,,,,,,,,,,,,,,,,,,
Viola glabella,,,,,,,,,,,,,,,,,,,,,,,,
Viola labradorica,,,,,,,,,,,,,,,,,,,,,,,,
Viola lanceolata,,,,,,,,,,,,,,,,,,,,,,,,
Viola nuttallii,,,,,,,,,,,,,,,,,,,,,,,,
Viola palmata,,,,,,,,,,,,,,,,,,,,,,,,
Viola pedata,,,,,,,,,,,,,,,,,,,,,,,,
Viola pedatifida,,,,,,,,,,,,,,,,,,,,,,,,
Viola pedunculata,,,,,,,,,,,,,,,,,,,,,,,,
Viola pubescens,,,,,,,,,,,,,,,,,,,,,,,,
Viola sempervirens,,,,,,,,,,,,,,,,,,,,,,,,
Viola sororia,,,,,,,,,,,,,,,,,,,,,,,,
Viola striata,,,,,,,,,,,,,,,,,,,,,,,,
Viola walteri,,,,,,,,,,,,,,,,,,,,,,,,
Vitis arizonica,,,,,,,,,,,,,,,,,,,,,,,,
Vitis californica,,,,,,,,,,,,,,,,,,,,,,,,
Vitis riparia,,,,,,,,,,,,,,,,,,,,,,,,
Waldsteinia fragarioides,,,,,,,,,,,,,,,,,,,,,,,,
Wikstroemia uva-ursi,,,,,,,,,,,,,,,,,,,,,,,,
Woodwardia areolata,,,,,,,,,,,,,,,,,,,,,,,,
Woodwardia fimbriata,,,,,,,,,,,,,,,,,,,,,,,,
Xanthorhiza simplicissima,,,,,,,,,,,,,,,,,,,,,,,,
Xerophyllum tenax,,,,,,,,,,,,,,,,,,,,,,,,
Xyris caroliniana,,,,,,,,,,,,,,,,,,,,,,,,
Yucca aloifolia,,,,,,,,,,,,,,,,,,,,,,,,
Yucca angustissima,,,,,,,,,,,,,,,,,,,,,,,,
Yucca arkansana,,,,,,,,,,,,,,,,,,,,,,,,
Yucca baccata,,,,,,,,,,,,,,,,,,,,,,,,
Yucca brevifolia,,,,,,,,,,,,,,,,,,,,,,,,
Yucca elata,,,,,,,,,,,,,,,,,,,,,,,,
Yucca faxoniana,,,,,,,,,,,,,,,,,,,,,,,,
Yucca filamentosa,,,,,,,,,,,,,,,,,,,,,,,,
Yucca glauca,,,,,,,,,,,,,,,,,,,,,,,,
Yucca gloriosa,,,,,,,,,,,,,,,,,,,,,,,,
Yucca harrimaniae,,,,,,,,,,,,,,,,,,,,,,,,
Yucca madrensis,,,,,,,,,,,,,,,,,,,,,,,,
Yucca pallida,,,,,,,,,,,,,,,,,,,,,,,,
Yucca reverchonii,,,,,,,,,,,,,,,,,,,,,,,,
Yucca rupicola,,,,,,,,,,,,,,,,,,,,,,,,
Yucca schidigera,,,,,,,,,,,,,,,,,,,,,,,,
Yucca whipplei,,,,,,,,,,,,,,,,,,,,,,,,
Zamia floridana,,,,,,,,,,,,,,,,,,,,,,,,
Zamia integrifolia,,,,,,,,,,,,,,,,,,,,,,,,
Zamia pumila,,,,,,,,,,,,,,,,,,,,,,,,
Zanthoxylum dipetalum,,,,,,,,,,,,,,,,,,,,,,,,
Zauschneria californica,,,,,,,,,,,,,,,,,,,,,,,,
Zauschneria cana,,,,,,,,,,,,,,,,,,,,,,,,
Zauschneria garrettii,,,,,,,,,,,,,,,,,,,,,,,,
Zauschneria latifolia,,,,,,,,,,,,,,,,,,,,,,,,
Zephyranthes atamasca,,,,,,,,,,,,,,,,,,,,,,,,
Zephyranthes drummondii,,,,,,,,,,,,,,,,,,,,,,,,
Zephyranthes grandiflora,,,,,,,,,,,,,,,,,,,,,,,,
Zephyranthes simpsonii,,,,,,,,,,,,,,,,,,,,,,,,
Zephyranthes texana,,,,,,,,,,,,,,,,,,,,,,,,
Zexmenia hispida,,,,,,,,,,,,,,,,,,,,,,,,
Zigadenus elegans,,,,,,,,,,,,,,,,,,,,,,,,
Zigadenus venenosus,,,,,,,,,,,,,,,,,,,,,,,,
Zinnia acerosa,,,,,,,,,,,,,,,,,,,,,,,,
Zinnia grandiflora,,,,,,,,,,,,,,,,,,,,,,,,
Zizania aquatica,,,,,,,,,,,,,,,,,,,,,,,,
Zizia aptera,,,,,,,,,,,,,,,,,,,,,,,,
Zizia aurea,,,,,,,,,,,,,,,,,,,,,,,,
Zizia cordata,,,,,,,,,,,,,,,,,,,,,,,,
Zizia trifoliata,,,,,,,,,,,,,,,,,,,,,,,,
Ziziphus celata,,,,,,,,,,,,,,,,,,,,,,,,
Ziziphus obtusifolia,,,,,,,,,,,,,,,,,,,,,,,,
Ziziphus parryi,,,,,,,,,,,,,,,,,,,,,,,,
